,UNITID,INSTNM,HIGHDEG,NPT41_PUB,NPT42_PUB,NPT43_PUB,NPT44_PUB,NPT45_PUB
1,100654,Alabama A & M University,4,7015.0,8004.0,11909.0,12757.0,12670.0
2,100663,University of Alabama at Birmingham,4,9890.0,10917.0,14556.0,15414.0,14786.0
4,100706,University of Alabama in Huntsville,4,4485.0,6019.0,9670.0,10859.0,10965.0
5,100724,Alabama State University,4,2968.0,5006.0,7604.0,8904.0,8682.0
6,100751,The University of Alabama,4,11379.0,12584.0,14339.0,13146.0,10865.0
9,100830,Auburn University at Montgomery,4,8752.0,10186.0,10690.0,11759.0,11129.0
10,100858,Auburn University,4,8149.0,12102.0,14376.0,16452.0,17166.0
15,101143,Enterprise State Community College,2,2581.0,4168.0,6028.0,5199.0,5800.0
16,101161,Coastal Alabama Community College,2,2445.0,3347.0,6211.0,7486.0,7335.0
27,101480,Jacksonville State University,4,10987.0,13415.0,15881.0,16309.0,16378.0
29,101505,Jefferson State Community College,2,6700.0,8246.0,10810.0,12010.0,12048.0
30,101514,John C Calhoun State Community College,2,4016.0,5264.0,8018.0,8785.0,8808.0
33,101587,University of West Alabama,4,8712.0,11014.0,10141.0,10916.0,11334.0
35,101648,Marion Military Institute,2,9371.0,7748.0,11444.0,12384.0,12402.0
38,101709,University of Montevallo,4,8383.0,9272.0,11822.0,12619.0,13339.0
39,101736,Northwest-Shoals Community College,2,3810.0,5801.0,6773.0,7122.0,6854.0
40,101879,University of North Alabama,4,7931.0,8381.0,8550.0,8674.0,10235.0
41,101897,Northeast Alabama Community College,2,407.0,882.0,1919.0,3338.0,4617.0
51,102094,University of South Alabama,4,6714.0,8514.0,10500.0,11637.0,11794.0
61,102553,University of Alaska Anchorage,4,9352.0,10972.0,12642.0,13591.0,13683.0
63,102614,University of Alaska Fairbanks,4,10541.0,12180.0,14032.0,14775.0,14799.0
64,102632,University of Alaska Southeast,4,9114.0,10790.0,13014.0,13531.0,13531.0
84,104151,Arizona State University-Tempe,4,4529.0,5705.0,9596.0,13665.0,14710.0
86,104179,University of Arizona,4,8148.0,9324.0,13847.0,16256.0,17107.0
89,104346,Central Arizona College,2,5253.0,3864.0,5249.0,7278.0,7090.0
98,104577,Eastern Arizona College,2,4677.0,4653.0,4557.0,4616.0,5589.0
101,104708,Glendale Community College,2,6072.0,7118.0,9997.0,11108.0,11384.0
108,105145,GateWay Community College,2,8452.0,9566.0,11756.0,13022.0,13165.0
109,105154,Mesa Community College,2,7585.0,8830.0,11099.0,12672.0,12603.0
115,105330,Northern Arizona University,4,9659.0,11562.0,14425.0,17437.0,17884.0
118,105428,Phoenix College,2,7349.0,8104.0,10945.0,12206.0,12230.0
121,105525,Pima Community College,2,2122.0,3121.0,5394.0,6969.0,7084.0
126,105668,Rio Salado College,2,11533.0,12701.0,14846.0,15778.0,15778.0
129,105747,Scottsdale Community College,2,7292.0,8828.0,11180.0,12128.0,12272.0
130,105792,South Mountain Community College,2,7990.0,9067.0,10931.0,12484.0,12874.0
136,106148,Yavapai College,2,4286.0,4555.0,5803.0,8724.0,8969.0
137,106245,University of Arkansas at Little Rock,4,8732.0,9177.0,12024.0,14466.0,15267.0
146,106397,University of Arkansas,4,7763.0,9145.0,12996.0,15471.0,15792.0
147,106412,University of Arkansas at Pine Bluff,4,7908.0,8286.0,11055.0,13408.0,13459.0
148,106449,Arkansas State University-Beebe,2,3529.0,4638.0,6845.0,8896.0,9555.0
149,106458,Arkansas State University-Main Campus,4,9783.0,10563.0,13488.0,14924.0,15012.0
150,106467,Arkansas Tech University,4,6582.0,6553.0,8897.0,10563.0,11932.0
151,106485,University of Arkansas at Monticello,4,7224.0,7126.0,9469.0,10746.0,11078.0
156,106704,University of Central Arkansas,4,9552.0,9687.0,13275.0,15739.0,15821.0
164,106980,National Park College,2,8744.0,9417.0,11049.0,11159.0,11767.0
165,106999,University of Arkansas Community College-Batesville,2,5131.0,6422.0,7919.0,10021.0,10036.0
167,107071,Henderson State University,4,8310.0,8900.0,4504.0,4039.0,-13883.0
177,107327,Arkansas Northeastern College,2,11410.0,11531.0,12042.0,10517.0,11916.0
180,107460,North Arkansas College,2,3341.0,3969.0,7269.0,8667.0,9919.0
183,107521,Arkansas State University Three Rivers,2,5393.0,6040.0,8076.0,7208.0,8958.0
186,107585,University of Arkansas Community College-Morrilton,2,5028.0,5938.0,8083.0,6592.0,6327.0
191,107664,University of Arkansas-Pulaski Technical College,2,10997.0,11518.0,11907.0,11548.0,10973.0
197,107974,South Arkansas Community College,2,6231.0,4523.0,8661.0,8891.0,9630.0
198,107983,Southern Arkansas University Main Campus,4,7863.0,8581.0,11525.0,11646.0,14073.0
201,108092,University of Arkansas-Fort Smith,3,7405.0,7884.0,10709.0,11966.0,12102.0
242,110422,California Polytechnic State University-San Luis Obispo,4,8832.0,11508.0,15441.0,18685.0,19427.0
244,110486,California State University-Bakersfield,4,2914.0,4069.0,7061.0,12023.0,12986.0
245,110495,California State University-Stanislaus,4,3305.0,5107.0,8407.0,12653.0,12758.0
246,110510,California State University-San Bernardino,4,4625.0,6239.0,9562.0,14168.0,15666.0
247,110529,California State Polytechnic University-Pomona,4,2917.0,5474.0,8321.0,13360.0,14065.0
248,110538,California State University-Chico,4,7250.0,9515.0,13799.0,17927.0,19079.0
249,110547,California State University-Dominguez Hills,4,594.0,2225.0,5591.0,10055.0,10174.0
250,110556,California State University-Fresno,4,2664.0,4540.0,8594.0,12529.0,13244.0
251,110565,California State University-Fullerton,4,1052.0,3486.0,7158.0,12045.0,12977.0
252,110574,California State University-East Bay,4,7506.0,10664.0,13993.0,16915.0,17655.0
253,110583,California State University-Long Beach,4,3593.0,5766.0,8662.0,13209.0,14397.0
254,110592,California State University-Los Angeles,4,2195.0,4339.0,7128.0,11670.0,12273.0
255,110608,California State University-Northridge,4,7356.0,9033.0,13528.0,17398.0,18422.0
256,110617,California State University-Sacramento,4,6822.0,9253.0,12572.0,17047.0,17733.0
257,110635,University of California-Berkeley,4,7908.0,10051.0,14685.0,22807.0,26517.0
258,110644,University of California-Davis,4,8250.0,9960.0,14130.0,20957.0,24573.0
259,110653,University of California-Irvine,4,8300.0,9727.0,14138.0,21144.0,24076.0
260,110662,University of California-Los Angeles,4,8598.0,9916.0,14198.0,20704.0,24949.0
261,110671,University of California-Riverside,4,8386.0,9635.0,12195.0,18357.0,22833.0
262,110680,University of California-San Diego,4,8363.0,9934.0,13928.0,20255.0,23623.0
264,110705,University of California-Santa Barbara,4,8171.0,9844.0,14688.0,22559.0,26402.0
265,110714,University of California-Santa Cruz,4,8911.0,11025.0,15374.0,22562.0,26883.0
273,111188,California State University Maritime Academy,3,4244.0,9066.0,13684.0,14016.0,17442.0
375,115755,Humboldt State University,4,5882.0,8540.0,11694.0,16534.0,17037.0
505,121707,College of the Redwoods,2,4676.0,5865.0,8473.0,11097.0,11097.0
521,122409,San Diego State University,4,6133.0,7952.0,10748.0,15486.0,16412.0
525,122597,San Francisco State University,4,8186.0,10646.0,15063.0,19087.0,19621.0
534,122755,San Jose State University,4,8107.0,9937.0,13431.0,17253.0,18029.0
560,123572,Sonoma State University,4,7865.0,11702.0,16294.0,20101.0,20457.0
603,126182,Adams State University,4,8486.0,9488.0,11647.0,12908.0,14418.0
604,126207,Aims Community College,2,7813.0,9090.0,11661.0,13595.0,13769.0
605,126289,Arapahoe Community College,2,7664.0,8428.0,11550.0,12694.0,12958.0
609,126562,University of Colorado Denver/Anschutz Medical Campus,4,14177.0,15547.0,18127.0,19758.0,19828.0
610,126580,University of Colorado Colorado Springs,4,12280.0,14556.0,17712.0,18857.0,18988.0
612,126614,University of Colorado Boulder,4,11557.0,16008.0,20041.0,22947.0,23961.0
617,126711,Colorado Mountain College,2,5457.0,7225.0,9151.0,11461.0,11609.0
618,126748,Colorado Northwestern Community College,2,7645.0,7872.0,10816.0,8335.0,8138.0
619,126775,Colorado School of Mines,4,13736.0,14190.0,16869.0,19785.0,21159.0
621,126818,Colorado State University-Fort Collins,4,4669.0,8705.0,14436.0,17076.0,17666.0
628,126942,Community College of Denver,2,9117.0,9851.0,12574.0,14446.0,14574.0
634,127185,Fort Lewis College,3,11133.0,11638.0,14686.0,15467.0,16962.0
635,127200,Front Range Community College,2,10180.0,11470.0,14162.0,15580.0,15705.0
640,127389,Lamar Community College,2,7831.0,8926.0,10180.0,12699.0,13661.0
642,127565,Metropolitan State University of Denver,3,6933.0,7970.0,10843.0,12571.0,12800.0
643,127617,Morgan Community College,2,9467.0,7713.0,13129.0,15135.0,15291.0
648,127732,Northeastern Junior College,2,9457.0,9913.0,12933.0,13870.0,14160.0
650,127778,Otero Junior College,2,9211.0,9913.0,10161.0,12499.0,13490.0
652,127820,Pikes Peak Community College,2,10761.0,11963.0,14486.0,16239.0,16457.0
654,127884,Pueblo Community College,2,8947.0,10625.0,12871.0,14745.0,14755.0
655,127909,Red Rocks Community College,2,9809.0,11230.0,14006.0,14982.0,15180.0
659,128106,Colorado State University-Pueblo,4,8192.0,9726.0,12694.0,14550.0,14705.0
663,128258,Trinidad State Junior College,2,9825.0,9214.0,12200.0,13000.0,14625.0
666,128391,Western Colorado University,3,9568.0,11338.0,14847.0,17366.0,17350.0
677,128771,Central Connecticut State University,4,9967.0,11155.0,13674.0,16921.0,18024.0
683,129020,University of Connecticut,4,6350.0,8712.0,14292.0,18940.0,21837.0
686,129215,Eastern Connecticut State University,4,13201.0,14920.0,16964.0,20554.0,21948.0
689,129367,Capital Community College,2,6964.0,7841.0,9769.0,11805.0,8697.0
699,129695,Manchester Community College,2,4267.0,4664.0,5686.0,8684.0,9357.0
700,129729,Naugatuck Valley Community College,2,2746.0,3107.0,4162.0,4356.0,1456.0
701,129756,Middlesex Community College,2,1607.0,2225.0,3857.0,7347.0,9082.0
718,130396,Gateway Community College,2,5389.0,5681.0,6119.0,9586.0,10548.0
720,130493,Southern Connecticut State University,4,8066.0,8928.0,10960.0,13963.0,14741.0
724,130606,Tunxis Community College,2,5458.0,5957.0,6599.0,9923.0,10228.0
735,130934,Delaware State University,4,10778.0,12941.0,13924.0,15981.0,16458.0
736,130943,University of Delaware,4,7815.0,8900.0,12073.0,16267.0,17774.0
744,131399,University of the District of Columbia,4,11125.0,12331.0,12771.0,12189.0,12489.0
766,132693,Eastern Florida State College,2,4736.0,4971.0,6994.0,6950.0,6277.0
767,132709,Broward College,2,4238.0,5549.0,7975.0,10423.0,10659.0
770,132851,College of Central Florida,2,6283.0,7946.0,9723.0,9583.0,8933.0
772,132903,University of Central Florida,4,5828.0,8286.0,12001.0,14197.0,14394.0
774,133021,Chipola College,3,2276.0,2685.0,4899.0,6601.0,8940.0
777,133386,Daytona State College,3,5898.0,6326.0,9627.0,10370.0,10462.0
780,133508,Florida SouthWestern State College,3,4602.0,5876.0,8635.0,10073.0,9687.0
783,133650,Florida Agricultural and Mechanical University,4,6875.0,8635.0,11871.0,13395.0,13245.0
784,133669,Florida Atlantic University,4,4074.0,5915.0,10286.0,12666.0,13187.0
785,133702,Florida State College at Jacksonville,3,5573.0,6496.0,9693.0,10850.0,10923.0
794,133951,Florida International University,4,10045.0,12331.0,15018.0,16593.0,16783.0
800,134097,Florida State University,4,10013.0,12469.0,15709.0,16817.0,16879.0
803,134130,University of Florida,4,3291.0,3408.0,4155.0,7825.0,12119.0
809,134343,Gulf Coast State College,2,3820.0,4023.0,7296.0,9042.0,159.0
815,134608,Indian River State College,3,401.0,1550.0,3019.0,3011.0,2887.0
828,135188,Lake-Sumter State College,2,155.0,2480.0,4813.0,3123.0,4668.0
834,135391,State College of Florida-Manatee-Sarasota,2,8482.0,10075.0,13305.0,15594.0,14476.0
841,135717,Miami Dade College,3,10837.0,12259.0,13869.0,13220.0,12608.0
853,136172,University of North Florida,4,4950.0,7775.0,11611.0,14069.0,14851.0
856,136233,Northwest Florida State College,3,8890.0,9485.0,11726.0,13313.0,13354.0
861,136358,Palm Beach State College,2,2149.0,3090.0,5220.0,6808.0,7396.0
862,136400,Pasco-Hernando State College,2,3960.0,4931.0,6923.0,9021.0,8334.0
863,136473,Pensacola State College,2,3903.0,4464.0,6313.0,9490.0,8729.0
865,136516,Polk State College,2,4874.0,6194.0,6983.0,4817.0,3834.0
877,137078,St Petersburg College,3,5309.0,7186.0,8796.0,9981.0,9939.0
879,137096,Santa Fe College,2,8720.0,9297.0,10997.0,11770.0,11961.0
882,137209,Seminole State College of Florida,2,7318.0,7860.0,10444.0,11543.0,11543.0
887,137351,University of South Florida-Main Campus,4,5282.0,7775.0,12568.0,15307.0,15452.0
894,137759,Tallahassee Community College,2,3532.0,4696.0,7291.0,8418.0,8516.0
905,138187,Valencia College,2,6639.0,7758.0,10794.0,13140.0,13168.0
910,138354,The University of West Florida,4,4266.0,6650.0,9329.0,11927.0,12399.0
915,138558,Abraham Baldwin Agricultural College,3,5722.0,6121.0,8979.0,10638.0,10061.0
921,138691,Darton State College,2,4442.0,5569.0,7691.0,9296.0,9828.0
922,138716,Albany State University,4,6617.0,8344.0,11216.0,12594.0,12378.0
924,138789,Armstrong State University,4,10437.0,11444.0,14104.0,16192.0,16114.0
929,138901,Atlanta Metropolitan State College,2,7083.0,8024.0,11791.0,12247.0,12545.0
934,138983,Augusta State University,4,5805.0,6881.0,9687.0,11250.0,11902.0
935,139010,Bainbridge State College,2,-181.0,224.0,3549.0,4625.0,5700.0
943,139250,College of Coastal Georgia,2,4790.0,5351.0,8318.0,8168.0,9885.0
946,139311,Clayton  State University,4,8322.0,9827.0,12422.0,14676.0,14097.0
949,139366,Columbus State University,4,7217.0,7457.0,11438.0,12345.0,12688.0
956,139621,East Georgia State College,2,5167.0,5742.0,9067.0,10541.0,10738.0
959,139700,Georgia Highlands College,2,3984.0,4769.0,7739.0,9385.0,9497.0
960,139719,Fort Valley State University,4,10811.0,12178.0,14792.0,16155.0,16261.0
962,139755,Georgia Institute of Technology-Main Campus,4,1323.0,4656.0,8613.0,10225.0,9100.0
963,139764,Georgia Southwestern State University,4,7950.0,8001.0,12157.0,14336.0,13697.0
964,139773,Gainesville State College,3,5342.0,6048.0,9151.0,10970.0,10902.0
965,139861,Georgia College & State University,4,6509.0,8011.0,11173.0,12083.0,12653.0
966,139904,Georgia Military College,2,8658.0,9124.0,9646.0,9831.0,10150.0
967,139931,Georgia Southern University,4,7542.0,8869.0,12283.0,13451.0,14001.0
968,139940,Georgia State University,4,9279.0,10505.0,13694.0,16150.0,16330.0
969,139959,University of Georgia,4,3828.0,6075.0,9281.0,10695.0,10594.0
970,139968,Gordon State College,3,7218.0,8059.0,10853.0,12332.0,12280.0
974,140012,Gwinnett Technical College,2,8860.0,10844.0,12520.0,13742.0,14094.0
978,140164,Kennesaw State University,4,8884.0,9491.0,13094.0,14454.0,14789.0
983,140322,Macon State College,3,-2533.0,-1955.0,554.0,2740.0,3368.0
988,140483,Middle Georgia College,3,4922.0,5948.0,8801.0,10221.0,9936.0
992,140669,University of North Georgia,4,3976.0,5101.0,7308.0,8911.0,9102.0
1001,140960,Savannah State University,4,6720.0,7584.0,10183.0,12387.0,11529.0
1003,140997,South Georgia College,2,4579.0,5463.0,7836.0,9501.0,9910.0
1007,141097,Southern Polytechnic State University,4,5864.0,6557.0,9694.0,11236.0,11827.0
1013,141264,Valdosta State University,4,10695.0,11946.0,15264.0,16191.0,16507.0
1014,141307,Waycross College,2,4790.0,5223.0,8577.0,11169.0,11050.0
1016,141334,University of West Georgia,4,7139.0,8212.0,11790.0,12953.0,13407.0
1020,141565,University of Hawaii at Hilo,4,6083.0,7082.0,8877.0,12103.0,12714.0
1021,141574,University of Hawaii at Manoa,4,5654.0,7142.0,10209.0,12934.0,14053.0
1024,141680,Honolulu Community College,2,2519.0,2831.0,4305.0,4299.0,6782.0
1025,141796,Kapiolani Community College,2,1792.0,2166.0,4986.0,5996.0,7252.0
1026,141802,Kauai Community College,2,2905.0,3905.0,6477.0,5573.0,8432.0
1027,141811,Leeward Community College,2,1366.0,2787.0,3871.0,5598.0,5886.0
1028,141839,University of Hawaii Maui College,3,6155.0,7158.0,8122.0,10861.0,10788.0
1032,141981,University of Hawaii-West Oahu,3,3288.0,2708.0,4860.0,8305.0,8071.0
1033,141990,Windward Community College,2,5249.0,5827.0,7836.0,10481.0,9697.0
1036,142115,Boise State University,4,8112.0,8527.0,11420.0,13147.0,13248.0
1038,142276,Idaho State University,4,10803.0,10978.0,13013.0,14186.0,14521.0
1039,142285,University of Idaho,4,10085.0,10655.0,14144.0,16010.0,16987.0
1041,142328,Lewis-Clark State College,3,11821.0,12276.0,14288.0,16302.0,15691.0
1045,142443,North Idaho College,2,6595.0,6971.0,9650.0,10783.0,11408.0
1049,142559,College of Southern Idaho,2,4683.0,4888.0,7025.0,8987.0,9363.0
1059,143215,Southwestern Illinois College,2,4872.0,4404.0,5116.0,4177.0,3821.0
1061,143279,Black Hawk College,2,3783.0,4804.0,7708.0,8927.0,9581.0
1075,143613,Carl Sandburg College,2,2927.0,3681.0,4406.0,6219.0,6619.0
1083,144157,City Colleges of Chicago-Kennedy-King College,2,7186.0,7291.0,7291.0,7992.0,11778.0
1087,144193,City Colleges of Chicago-Richard J Daley College,2,4405.0,5864.0,6506.0,9121.0,9121.0
1088,144209,City Colleges of Chicago-Harold Washington College,2,3168.0,4455.0,6015.0,7652.0,8301.0
1094,144564,Danville Area Community College,2,4377.0,5476.0,7337.0,9435.0,9798.0
1100,144865,College of DuPage,2,5215.0,6288.0,8740.0,10494.0,10745.0
1102,144892,Eastern Illinois University,4,9370.0,11558.0,16349.0,18622.0,19497.0
1103,144944,Elgin Community College,2,3687.0,5275.0,6703.0,8019.0,8061.0
1118,145521,Highland Community College,2,3450.0,4189.0,6742.0,9185.0,8630.0
1120,145600,University of Illinois at Chicago,4,6124.0,6902.0,12661.0,19667.0,20709.0
1123,145637,University of Illinois at Urbana-Champaign,4,6118.0,10420.0,16868.0,22442.0,23800.0
1125,145682,Illinois Central College,2,3084.0,4580.0,7925.0,9541.0,9591.0
1127,145707,Olney Central College,2,1518.0,2212.0,2667.0,3579.0,2954.0
1130,145813,Illinois State University,4,8578.0,10897.0,17352.0,21435.0,22066.0
1131,145831,Illinois Valley Community College,2,3637.0,3986.0,6500.0,8853.0,9044.0
1136,146278,John Wood Community College,2,4566.0,5509.0,9039.0,10302.0,10693.0
1137,146296,Joliet Junior College,2,3481.0,4580.0,4705.0,5370.0,5534.0
1142,146418,Kishwaukee College,2,5931.0,7408.0,9323.0,10945.0,11110.0
1145,146472,College of Lake County,2,3948.0,4940.0,6667.0,7979.0,8046.0
1148,146506,Lake Land College,2,4064.0,5713.0,6467.0,6560.0,6318.0
1150,146603,Lewis and Clark Community College,2,4435.0,5068.0,8381.0,8274.0,9193.0
1155,146685,Lincoln Land Community College,2,6631.0,7568.0,10675.0,12305.0,12472.0
1173,147378,Moraine Valley Community College,2,4701.0,5520.0,6250.0,5538.0,5337.0
1183,147703,Northern Illinois University,4,12278.0,13881.0,18979.0,22224.0,22617.0
1186,147776,Northeastern Illinois University,4,11980.0,12522.0,15068.0,17514.0,17187.0
1187,147800,Oakton Community College,2,3176.0,3932.0,6540.0,8566.0,4720.0
1190,147916,Parkland College,2,5665.0,5810.0,8042.0,9799.0,9681.0
1201,148380,Rock Valley College,2,3504.0,4858.0,7230.0,8748.0,9293.0
1211,148654,University of Illinois at Springfield,4,7157.0,8144.0,12308.0,16003.0,15980.0
1212,148672,Sauk Valley Community College,2,5828.0,6221.0,7497.0,7899.0,9078.0
1221,148991,Spoon River College,2,8348.0,9713.0,11010.0,9757.0,10888.0
1225,149222,Southern Illinois University-Carbondale,4,14189.0,15249.0,18253.0,19520.0,19745.0
1226,149231,Southern Illinois University-Edwardsville,4,13532.0,16065.0,20935.0,22792.0,23187.0
1233,149532,Triton College,2,3317.0,4324.0,5967.0,6532.0,4325.0
1236,149727,Waubonsee Community College,2,4253.0,4697.0,7488.0,7925.0,8417.0
1238,149772,Western Illinois University,4,10494.0,12792.0,17145.0,19456.0,19931.0
1240,149842,William Rainey Harper College,2,4257.0,5666.0,8645.0,10417.0,10394.0
1244,150136,Ball State University,4,7411.0,9514.0,15243.0,17989.0,18423.0
1268,150978,Ivy Tech Community College-Northcentral,2,10100.0,10841.0,13304.0,15089.0,15317.0
1269,150987,Ivy Tech Community College,2,8630.0,10036.0,12991.0,13992.0,14198.0
1270,150996,Ivy Tech Community College-Columbus,2,8318.0,9812.0,12849.0,14088.0,13807.0
1271,151005,Ivy Tech Community College-East Central,2,8664.0,10109.0,12795.0,14117.0,14463.0
1272,151014,Ivy Tech Community College-Kokomo,2,9567.0,10822.0,12893.0,14865.0,15044.0
1273,151023,Ivy Tech Community College-Lafayette,2,9338.0,10677.0,13503.0,14951.0,15037.0
1274,151032,Ivy Tech Community College-Northeast,2,9859.0,11126.0,13224.0,14677.0,14944.0
1275,151041,Ivy Tech Community College-South Central,2,8823.0,10499.0,12888.0,14475.0,14517.0
1276,151050,Ivy Tech Community College-Southwest,2,8846.0,10274.0,13178.0,14335.0,14341.0
1277,151069,Ivy Tech Community College-Wabash Valley,2,9052.0,10670.0,13501.0,14544.0,14513.0
1278,151078,Ivy Tech Community College-Richmond,2,9972.0,10706.0,13744.0,15508.0,15508.0
1279,151087,Ivy Tech Community College-Northwest,2,8641.0,9838.0,12946.0,14025.0,14131.0
1280,151096,Ivy Tech Community College-Southeast,2,8123.0,9679.0,13292.0,14135.0,14189.0
1281,151102,Purdue University Fort Wayne,4,13158.0,14312.0,15742.0,17797.0,17797.0
1282,151111,Indiana University-Purdue University-Indianapolis,4,8081.0,10599.0,16179.0,18240.0,18665.0
1291,151306,University of Southern Indiana,4,8130.0,11165.0,15027.0,16000.0,16282.0
1292,151324,Indiana State University,4,7379.0,9132.0,13898.0,16385.0,16040.0
1293,151333,Indiana University-Kokomo,4,6024.0,6714.0,12847.0,14051.0,14353.0
1294,151342,Indiana University-South Bend,4,7387.0,8872.0,13112.0,15229.0,15398.0
1295,151351,Indiana University-Bloomington,4,3637.0,5845.0,12953.0,17229.0,17864.0
1296,151360,Indiana University-Northwest,4,8738.0,9970.0,13929.0,15595.0,15982.0
1297,151379,Indiana University-Southeast,4,7331.0,8984.0,13542.0,15363.0,15376.0
1298,151388,Indiana University-East,4,5927.0,7411.0,11208.0,13212.0,13429.0
1325,152248,Purdue University-Calumet Campus,4,7220.0,8330.0,11562.0,12877.0,12891.0
1326,152266,Purdue University-North Central Campus,4,5406.0,7934.0,11120.0,12873.0,12873.0
1343,152637,Vincennes University,3,7511.0,9703.0,12666.0,13945.0,14215.0
1357,153214,Des Moines Area Community College,2,10978.0,11238.0,12128.0,12723.0,13346.0
1362,153296,Ellsworth Community College,2,7838.0,8777.0,12077.0,12613.0,12824.0
1364,153311,Eastern Iowa Community College District,2,7999.0,8682.0,10884.0,12485.0,12393.0
1373,153445,Hawkeye Community College,2,9322.0,9910.0,12693.0,13735.0,13771.0
1376,153524,Iowa Central Community College,2,5701.0,6463.0,9058.0,10141.0,10301.0
1377,153533,Iowa Lakes Community College,2,6921.0,7306.0,9782.0,10446.0,11286.0
1381,153603,Iowa State University,4,8629.0,9781.0,12219.0,12782.0,12994.0
1383,153630,Iowa Western Community College,2,7162.0,8346.0,10912.0,11920.0,12052.0
1384,153658,University of Iowa,4,8252.0,10240.0,13738.0,16811.0,17734.0
1385,153737,Kirkwood Community College,2,7719.0,8596.0,12211.0,13664.0,13823.0
1393,153922,Marshalltown Community College,2,8113.0,8557.0,10408.0,12444.0,12016.0
1398,154059,North Iowa Area Community College,2,5277.0,5588.0,7664.0,8779.0,9886.0
1399,154095,University of Northern Iowa,4,9191.0,11159.0,14845.0,16250.0,16545.0
1401,154110,Northeast Iowa Community College,2,8016.0,8716.0,11976.0,13221.0,12455.0
1402,154129,Northwest Iowa Community College,2,8058.0,9436.0,12104.0,13040.0,12880.0
1412,154378,Southeastern Community College,2,5286.0,6037.0,8202.0,9824.0,9909.0
1422,154572,Western Iowa Tech Community College,2,6910.0,7180.0,9311.0,11828.0,11049.0
1425,154642,Allen County Community College,2,3561.0,4570.0,6696.0,7621.0,7834.0
1428,154697,Barton County Community College,2,6545.0,6576.0,8893.0,9940.0,9966.0
1435,154800,Butler Community College,2,6713.0,7320.0,8204.0,8384.0,8335.0
1439,154907,Cloud County Community College,2,4469.0,6106.0,8381.0,8468.0,7054.0
1440,154925,Coffeyville Community College,2,1482.0,1754.0,3348.0,3662.0,5828.0
1441,154934,Colby Community College,2,2440.0,4616.0,5067.0,4048.0,5798.0
1447,155025,Emporia State University,4,9241.0,10577.0,13107.0,14457.0,14517.0
1448,155052,Flint Hills Technical College,2,9077.0,11364.0,12127.0,13805.0,13905.0
1449,155061,Fort Hays State University,4,6456.0,7959.0,11279.0,12166.0,12192.0
1452,155098,Fort Scott Community College,2,6103.0,5026.0,8469.0,9222.0,9136.0
1453,155104,Garden City Community College,2,865.0,1811.0,3844.0,3965.0,3436.0
1457,155186,Highland Community College,2,5003.0,5572.0,5947.0,5571.0,4521.0
1459,155201,Independence Community College,2,3628.0,4168.0,4432.0,6307.0,7806.0
1460,155210,Johnson County Community College,2,8661.0,9543.0,11271.0,12632.0,12765.0
1463,155317,University of Kansas,4,10969.0,12620.0,15545.0,17770.0,18903.0
1466,155399,Kansas State University,4,10070.0,10476.0,13018.0,15344.0,16159.0
1475,155566,Neosho County Community College,2,1728.0,1342.0,3999.0,5786.0,5222.0
1476,155593,North Central Kansas Technical College,2,7925.0,8912.0,10937.0,12479.0,12635.0
1480,155681,Pittsburg State University,4,12604.0,11866.0,11426.0,11018.0,9773.0
1481,155715,Pratt Community College,2,3723.0,5056.0,7264.0,8283.0,8489.0
1483,155830,Salina Area Technical College,2,3665.0,4728.0,8202.0,8515.0,8515.0
1489,156082,Washburn University,4,10697.0,12480.0,14612.0,15420.0,15302.0
1490,156107,Wichita State University-Campus of Applied Sciences and Technology,2,6192.0,5895.0,9051.0,10017.0,10075.0
1491,156125,Wichita State University,4,9966.0,10678.0,8372.0,8829.0,10679.0
1496,156231,Ashland Community and Technical College,2,3976.0,4549.0,8675.0,9488.0,9151.0
1501,156338,Southcentral Kentucky Community and Technical College,2,6249.0,6696.0,9286.0,11204.0,11652.0
1504,156392,Bluegrass Community and Technical College,2,5701.0,6771.0,9810.0,11077.0,10993.0
1511,156620,Eastern Kentucky University,4,4793.0,5894.0,10979.0,13671.0,14166.0
1512,156648,Elizabethtown Community and Technical College,2,4357.0,4847.0,7866.0,9710.0,9955.0
1517,156790,Hazard Community and Technical College,2,3142.0,3935.0,6389.0,8896.0,9163.0
1519,156851,Henderson Community College,2,4604.0,5989.0,8695.0,7505.0,9957.0
1520,156860,Hopkinsville Community College,2,5045.0,5905.0,8563.0,10618.0,10825.0
1522,156921,Jefferson Community and Technical College,2,3991.0,5094.0,8311.0,9591.0,9611.0
1527,157058,Kentucky State University,4,2804.0,5589.0,7919.0,10599.0,9704.0
1529,157085,University of Kentucky,4,7137.0,9664.0,14349.0,15953.0,16313.0
1534,157289,University of Louisville,4,5501.0,8011.0,13101.0,14688.0,14554.0
1536,157304,Madisonville Community College,2,3245.0,4259.0,6862.0,8276.0,8844.0
1537,157331,Maysville Community and Technical College,2,5616.0,6203.0,8750.0,11231.0,9332.0
1540,157386,Morehead State University,4,6653.0,7706.0,11089.0,12870.0,12461.0
1542,157401,Murray State University,4,7848.0,8245.0,11290.0,13171.0,13551.0
1543,157438,Gateway Community and Technical College,2,5248.0,5559.0,8738.0,10023.0,10016.0
1544,157447,Northern Kentucky University,4,3243.0,5145.0,9213.0,10867.0,11188.0
1547,157483,West Kentucky Community and Technical College,2,4139.0,5039.0,7670.0,9602.0,9275.0
1550,157553,Big Sandy Community and Technical College,2,3651.0,4127.0,7596.0,9568.0,10355.0
1558,157711,Somerset Community College,2,4522.0,5037.0,7859.0,10118.0,10150.0
1559,157739,Southeast Kentucky Community and Technical College,2,3879.0,3862.0,7281.0,9332.0,9293.0
1577,158431,Bossier Parish Community College,2,4768.0,5744.0,6218.0,6400.0,6505.0
1583,158662,Delgado Community College,2,8380.0,8687.0,10080.0,10808.0,10881.0
1590,159009,Grambling State University,4,10330.0,11440.0,15577.0,15301.0,16057.0
1598,159382,Louisiana State University-Alexandria,3,5757.0,5725.0,9968.0,10513.0,10873.0
1599,159391,Louisiana State University and Agricultural & Mechanical College,4,1620.0,5078.0,9671.0,12018.0,12488.0
1600,159407,Louisiana State University-Eunice,2,4051.0,4646.0,7839.0,9087.0,8732.0
1601,159416,Louisiana State University-Shreveport,4,6141.0,6433.0,9078.0,11629.0,11544.0
1608,159647,Louisiana Tech University,4,5556.0,5972.0,10179.0,11502.0,11286.0
1610,159717,McNeese State University,4,5126.0,5441.0,8493.0,10665.0,10738.0
1611,159939,University of New Orleans,4,4672.0,5479.0,9261.0,11038.0,10708.0
1613,159966,Nicholls State University,4,4586.0,4849.0,8673.0,10870.0,10573.0
1614,159993,University of Louisiana at Monroe,4,4843.0,7653.0,10110.0,11171.0,12408.0
1617,160038,Northwestern State University of Louisiana,4,5350.0,6409.0,10527.0,11119.0,10391.0
1632,160612,Southeastern Louisiana University,4,5756.0,6622.0,9897.0,10954.0,11417.0
1633,160621,Southern University and A & M College,4,6432.0,3318.0,8321.0,10095.0,9347.0
1634,160630,Southern University at New Orleans,4,7462.0,7820.0,11328.0,12688.0,12688.0
1636,160658,University of Louisiana at Lafayette,4,2550.0,3788.0,6886.0,8511.0,8576.0
1650,161077,Central Maine Community College,2,6256.0,7318.0,10080.0,11833.0,11862.0
1652,161138,Eastern Maine Community College,2,5611.0,6050.0,9695.0,10210.0,10799.0
1654,161192,Kennebec Valley Community College,2,6402.0,8042.0,11677.0,13516.0,13790.0
1656,161217,University of Maine at Augusta,4,8886.0,9881.0,12851.0,13511.0,13576.0
1657,161226,University of Maine at Farmington,3,11425.0,12642.0,14188.0,17155.0,18236.0
1658,161235,University of Maine at Fort Kent,3,8392.0,7306.0,11956.0,14297.0,15236.0
1659,161244,University of Maine at Machias,3,10325.0,11745.0,14297.0,16144.0,16144.0
1660,161253,University of Maine,4,10673.0,12726.0,15649.0,18114.0,18497.0
1661,161299,Maine Maritime Academy,4,11681.0,14487.0,17390.0,18913.0,18689.0
1662,161341,University of Maine at Presque Isle,3,8873.0,10002.0,12540.0,13837.0,14340.0
1664,161484,Northern Maine Community College,2,8104.0,7992.0,11916.0,12774.0,13349.0
1669,161545,Southern Maine Community College,2,7264.0,9181.0,11777.0,13260.0,13330.0
1670,161554,University of Southern Maine,4,15268.0,15813.0,18855.0,20681.0,21265.0
1673,161581,Washington County Community College,2,4992.0,6375.0,9156.0,9531.0,10519.0
1676,161688,Allegany College of Maryland,2,5808.0,7141.0,8285.0,8467.0,8596.0
1677,161767,Anne Arundel Community College,2,11078.0,12169.0,14678.0,15890.0,16004.0
1681,161864,Baltimore City Community College,2,5406.0,6076.0,7513.0,7890.0,4640.0
1682,161873,University of Baltimore,4,12973.0,14852.0,16558.0,17533.0,17351.0
1684,162007,Bowie State University,4,8915.0,11344.0,14985.0,16624.0,17330.0
1686,162104,Cecil College,2,5299.0,5743.0,5824.0,5193.0,5959.0
1687,162122,College of Southern Maryland,2,6752.0,7663.0,9620.0,11085.0,11525.0
1690,162283,Coppin State University,4,4252.0,8621.0,13073.0,15511.0,15608.0
1693,162557,Frederick Community College,2,4003.0,4421.0,6053.0,8379.0,8565.0
1695,162609,Garrett College,2,3951.0,6077.0,7181.0,8171.0,3437.0
1698,162690,Hagerstown Community College,2,6401.0,7592.0,8755.0,11039.0,10450.0
1701,162779,Howard Community College,2,11065.0,12314.0,14595.0,16521.0,16780.0
1710,163268,University of Maryland-Baltimore County,4,9460.0,10785.0,12833.0,12483.0,12591.0
1711,163286,University of Maryland-College Park,4,5239.0,8487.0,14553.0,18317.0,19866.0
1713,163338,University of Maryland Eastern Shore,4,9702.0,12733.0,16027.0,17557.0,18298.0
1716,163426,Montgomery College,2,3499.0,4683.0,6918.0,8816.0,9228.0
1717,163453,Morgan State University,4,8550.0,10783.0,13891.0,15654.0,15615.0
1722,163657,Prince George's Community College,2,2622.0,4333.0,5440.0,4840.0,4609.0
1727,163851,Salisbury University,4,7299.0,10910.0,13819.0,16320.0,17094.0
1728,163912,St. Mary's College of Maryland,4,10134.0,15550.0,17497.0,21888.0,22716.0
1732,164076,Towson University,4,7037.0,8893.0,13013.0,16512.0,18147.0
1741,164313,Wor-Wic Community College,2,8135.0,9550.0,10985.0,13437.0,13565.0
1759,164775,Berkshire Community College,2,5843.0,6698.0,9160.0,10895.0,10951.0
1767,165024,Bridgewater State University,4,8411.0,10662.0,13890.0,15679.0,16439.0
1768,165033,Bristol Community College,2,3192.0,3692.0,5750.0,7593.0,7837.0
1770,165112,Bunker Hill Community College,2,7094.0,7682.0,9198.0,11544.0,11782.0
1772,165194,Cape Cod Community College,2,6475.0,7437.0,8522.0,11519.0,11836.0
1789,165820,Fitchburg State University,4,6191.0,7083.0,10957.0,13634.0,15373.0
1790,165866,Framingham State University,4,9728.0,10996.0,14523.0,17367.0,18062.0
1802,166133,Holyoke Community College,2,8072.0,9071.0,12052.0,13421.0,13581.0
1812,166513,University of Massachusetts-Lowell,4,9164.0,10464.0,14156.0,17221.0,18255.0
1816,166629,University of Massachusetts-Amherst,4,6183.0,7717.0,12558.0,18376.0,20090.0
1817,166638,University of Massachusetts-Boston,4,8282.0,9916.0,12829.0,15640.0,16720.0
1818,166647,Massachusetts Bay Community College,2,9078.0,10171.0,12651.0,13593.0,14104.0
1820,166674,Massachusetts College of Art and Design,4,12192.0,15075.0,18120.0,21841.0,22280.0
1822,166692,Massachusetts Maritime Academy,4,12412.0,13794.0,18963.0,21343.0,22512.0
1826,166823,Massasoit Community College,2,6739.0,7317.0,9591.0,11897.0,12033.0
1833,166957,Mount Wachusett Community College,2,5035.0,5968.0,8490.0,10528.0,11240.0
1845,167288,Massachusetts College of Liberal Arts,4,8666.0,9519.0,13196.0,15741.0,16772.0
1847,167312,North Shore Community College,2,5728.0,6460.0,8699.0,10753.0,10837.0
1850,167376,Northern Essex Community College,2,5555.0,6215.0,8436.0,10404.0,10442.0
1854,167525,Quincy College,2,10942.0,12679.0,15277.0,15916.0,15961.0
1855,167534,Quinsigamond Community College,2,4913.0,5750.0,7606.0,9292.0,9619.0
1860,167729,Salem State University,4,8250.0,9554.0,14406.0,16961.0,17649.0
1867,167905,Springfield Technical Community College,2,7280.0,9647.0,10180.0,11522.0,11588.0
1868,167987,University of Massachusetts-Dartmouth,4,12140.0,13879.0,17409.0,20577.0,21249.0
1876,168263,Westfield State University,4,8128.0,10144.0,13737.0,16512.0,17101.0
1881,168430,Worcester State University,4,7554.0,9258.0,11556.0,13621.0,14966.0
1888,168607,Alpena Community College,2,403.0,878.0,3638.0,4973.0,5145.0
1893,168883,Bay de Noc Community College,2,3500.0,4772.0,7524.0,8524.0,9277.0
1899,169248,Central Michigan University,4,11114.0,11800.0,14525.0,17640.0,18726.0
1900,169275,Mott Community College,2,3807.0,5931.0,7939.0,9587.0,9587.0
1908,169521,Delta College,2,2455.0,3879.0,6948.0,8404.0,8715.0
1916,169798,Eastern Michigan University,4,10709.0,11712.0,13913.0,15673.0,16526.0
1917,169910,Ferris State University,4,10133.0,13607.0,16330.0,17727.0,18051.0
1921,169992,Gogebic Community College,2,4825.0,5828.0,8012.0,9228.0,10291.0
1925,170055,Grand Rapids Community College,2,2009.0,3088.0,5744.0,7288.0,7421.0
1926,170082,Grand Valley State University,4,7590.0,10148.0,15215.0,17791.0,18325.0
1928,170240,Henry Ford College,2,2397.0,3575.0,6347.0,7493.0,7517.0
1931,170444,Jackson College,2,3315.0,4896.0,8192.0,9658.0,9737.0
1934,170541,Kalamazoo Valley Community College,2,4725.0,6039.0,8283.0,9635.0,9722.0
1935,170550,Kellogg Community College,2,1092.0,2489.0,5980.0,8066.0,8166.0
1938,170620,Lake Michigan College,2,5374.0,7765.0,8602.0,9006.0,8916.0
1939,170639,Lake Superior State University,4,8776.0,11112.0,14333.0,15855.0,15829.0
1947,170976,University of Michigan-Ann Arbor,4,5305.0,7345.0,12386.0,18405.0,21528.0
1949,171100,Michigan State University,4,5803.0,10551.0,16031.0,18939.0,19529.0
1950,171128,Michigan Technological University,4,10750.0,12490.0,14744.0,18177.0,20310.0
1951,171137,University of Michigan-Dearborn,4,4290.0,5451.0,8283.0,11089.0,11753.0
1952,171146,University of Michigan-Flint,4,7057.0,8826.0,12566.0,13501.0,14175.0
1953,171155,Mid Michigan College,2,2926.0,3896.0,6418.0,8116.0,8377.0
1954,171225,Monroe County Community College,2,3371.0,4602.0,6542.0,8408.0,8335.0
1955,171234,Montcalm Community College,2,5835.0,8035.0,8746.0,10090.0,10411.0
1958,171304,Muskegon Community College,2,2089.0,3280.0,5690.0,7020.0,7407.0
1961,171395,North Central Michigan College,2,4665.0,5146.0,7398.0,9214.0,9209.0
1962,171456,Northern Michigan University,4,7507.0,9206.0,12770.0,14810.0,14889.0
1964,171483,Northwestern Michigan College,2,6684.0,7383.0,9306.0,11147.0,11016.0
1966,171535,Oakland Community College,2,697.0,2051.0,4851.0,7613.0,7838.0
1967,171571,Oakland University,4,13235.0,12260.0,12622.0,13775.0,15092.0
1975,172051,Saginaw Valley State University,4,8852.0,9593.0,12605.0,13732.0,13922.0
1976,172200,Schoolcraft College,2,2467.0,4558.0,6066.0,7555.0,7641.0
1978,172291,St Clair County Community College,2,4182.0,4776.0,5606.0,4990.0,4559.0
1979,172307,Southwestern Michigan College,2,5020.0,5950.0,7511.0,10264.0,9841.0
1990,172617,Washtenaw Community College,2,4220.0,5397.0,8684.0,10014.0,9909.0
1991,172635,Wayne County Community College District,2,2556.0,4332.0,7329.0,8557.0,8717.0
1992,172644,Wayne State University,4,7361.0,8783.0,12231.0,14602.0,15165.0
1994,172699,Western Michigan University,4,10224.0,13090.0,16497.0,16941.0,19283.0
1998,172918,Alexandria Technical & Community College,2,12444.0,12415.0,15375.0,17443.0,17717.0
2000,172954,Anoka Technical College,2,12748.0,12833.0,14439.0,17316.0,17451.0
2001,172963,Anoka-Ramsey Community College,2,9932.0,10589.0,13321.0,14549.0,14624.0
2003,173063,Riverland Community College,2,8377.0,8749.0,11180.0,13673.0,13714.0
2004,173115,Northwest Technical College,2,8381.0,8587.0,10948.0,14464.0,14324.0
2005,173124,Bemidji State University,4,9145.0,9814.0,12664.0,16312.0,16708.0
2009,173203,Central Lakes College-Brainerd,2,8516.0,9155.0,11375.0,13545.0,13627.0
2013,173416,Dakota County Technical College,2,12672.0,13040.0,15557.0,17325.0,17356.0
2015,173461,Lake Superior College,2,11284.0,11749.0,13649.0,15775.0,15929.0
2018,173559,Minnesota State Community and Technical College,2,8735.0,8930.0,11461.0,13422.0,13831.0
2020,173638,Minnesota West Community and Technical College,2,8610.0,9153.0,11477.0,13707.0,14250.0
2024,173708,Hennepin Technical College,2,12285.0,13340.0,15043.0,16745.0,17006.0
2026,173735,Hibbing Community College,2,6811.0,7548.0,9774.0,12152.0,12085.0
2028,173799,Inver Hills Community College,2,12908.0,14214.0,16956.0,18049.0,18143.0
2029,173805,Itasca Community College,2,7522.0,7040.0,10750.0,12925.0,13268.0
2033,173911,South Central College,2,8664.0,9254.0,11791.0,13921.0,14370.0
2034,173920,Minnesota State University-Mankato,4,7623.0,8607.0,11552.0,14501.0,15020.0
2039,173993,Mesabi Range College,2,4331.0,4569.0,7213.0,9899.0,10673.0
2040,174020,Metropolitan State University,4,8611.0,9818.0,12178.0,13206.0,14931.0
2041,174066,University of Minnesota-Twin Cities,4,5843.0,6660.0,11102.0,16982.0,19893.0
2042,174075,University of Minnesota-Crookston,3,7337.0,6717.0,9707.0,15654.0,16842.0
2045,174136,Minneapolis Community and Technical College,2,12857.0,13605.0,16148.0,17533.0,17609.0
2049,174233,University of Minnesota-Duluth,4,7678.0,7187.0,11731.0,18020.0,20091.0
2050,174251,University of Minnesota-Morris,3,6443.0,7395.0,10029.0,16238.0,19231.0
2053,174358,Minnesota State University Moorhead,4,8033.0,8874.0,11862.0,15155.0,15373.0
2054,174376,North Hennepin Community College,2,13501.0,14520.0,16051.0,17867.0,18279.0
2057,174428,Normandale Community College,2,11478.0,12400.0,14284.0,16225.0,16450.0
2059,174473,Northland Community and Technical College,2,7026.0,7591.0,9937.0,11942.0,12236.0
2065,174570,Pine Technical & Community College,2,9859.0,10355.0,12730.0,13879.0,14481.0
2066,174604,Rainy River Community College,2,6764.0,6641.0,10210.0,12659.0,12659.0
2067,174738,Rochester Community and Technical College,2,8413.0,9151.0,11678.0,13715.0,13904.0
2069,174756,St Cloud Technical and Community College,2,5241.0,5873.0,8439.0,10196.0,10380.0
2071,174783,Saint Cloud State University,4,8504.0,9254.0,12254.0,15258.0,15586.0
2082,175041,Saint Paul College,2,9373.0,10106.0,11471.0,14322.0,14363.0
2083,175078,Southwest Minnesota State University,4,8968.0,9409.0,11644.0,15813.0,15884.0
2086,175157,Vermilion Community College,2,6819.0,7296.0,9883.0,12314.0,12519.0
2088,175236,Ridgewater College,2,7426.0,7751.0,10594.0,12648.0,12973.0
2089,175263,Minnesota State College Southeast,2,12871.0,13966.0,15491.0,17703.0,17883.0
2090,175272,Winona State University,4,8887.0,10196.0,14080.0,17352.0,17986.0
2092,175315,Century College,2,12597.0,13127.0,15210.0,16867.0,17115.0
2093,175342,Alcorn State University,4,8823.0,10387.0,13798.0,12708.0,12675.0
2102,175616,Delta State University,4,8601.0,10412.0,11884.0,11876.0,12318.0
2103,175643,East Central Community College,2,4693.0,5572.0,7243.0,8629.0,8436.0
2104,175652,East Mississippi Community College,2,1345.0,2666.0,4247.0,2614.0,3282.0
2108,175810,Holmes Community College,2,4732.0,5542.0,7918.0,9291.0,9365.0
2109,175829,Itawamba Community College,2,6409.0,8005.0,9460.0,8537.0,6562.0
2111,175883,Jones County Junior College,2,4357.0,5329.0,6931.0,8299.0,7932.0
2112,175935,Meridian Community College,2,7380.0,7127.0,8220.0,9372.0,9526.0
2115,176017,University of Mississippi,4,9726.0,11546.0,14450.0,16223.0,16148.0
2117,176035,Mississippi University for Women,4,6032.0,7166.0,11255.0,9297.0,11218.0
2121,176071,Mississippi Gulf Coast Community College,2,5113.0,6409.0,8719.0,10022.0,10179.0
2122,176080,Mississippi State University,4,8886.0,10556.0,13621.0,14868.0,15563.0
2124,176178,Northwest Mississippi Community College,2,1474.0,1839.0,3174.0,3308.0,6173.0
2129,176372,University of Southern Mississippi,4,10329.0,11899.0,13627.0,13150.0,13371.0
2148,176965,University of Central Missouri,4,7010.0,9480.0,11080.0,12555.0,12630.0
2158,177135,Crowder College,2,3655.0,4819.0,6696.0,8198.0,7905.0
2163,177250,East Central College,2,4824.0,5803.0,7900.0,9307.0,9089.0
2171,177472,Ozarks Technical Community College,2,7579.0,8287.0,8965.0,8719.0,7839.0
2173,177551,Harris-Stowe State University,3,9381.0,9865.0,10054.0,10311.0,10418.0
2177,177676,Jefferson College,2,4991.0,5625.0,8138.0,8919.0,9381.0
2187,177940,Lincoln University,4,10670.0,11327.0,11972.0,12269.0,11085.0
2189,177977,State Technical College of Missouri,2,6358.0,6558.0,8583.0,10119.0,9854.0
2199,178217,Mineral Area College,2,5279.0,6016.0,8011.0,10005.0,9223.0
2204,178341,Missouri Southern State University,3,7290.0,9580.0,11973.0,13093.0,13083.0
2207,178387,Missouri Western State University,4,8864.0,9198.0,11389.0,12647.0,13649.0
2208,178396,University of Missouri-Columbia,4,11173.0,11816.0,15076.0,17748.0,18984.0
2209,178402,University of Missouri-Kansas City,4,14740.0,16335.0,18820.0,20667.0,21402.0
2210,178411,Missouri University of Science and Technology,4,9941.0,11026.0,15347.0,16154.0,16248.0
2211,178420,University of Missouri-St Louis,4,15530.0,15955.0,18357.0,21026.0,21599.0
2212,178448,Moberly Area Community College,2,6439.0,6748.0,6518.0,2540.0,9519.0
2218,178615,Truman State University,4,8687.0,11118.0,11982.0,12491.0,12804.0
2219,178624,Northwest Missouri State University,4,5629.0,6974.0,11047.0,13156.0,13738.0
2229,179052,Rolla Technical Institute/Center,1,12715.0,12099.0,14356.0,18680.0,18680.0
2231,179113,Saint Louis Community College-Meramec,2,6264.0,7322.0,8564.0,9671.0,10754.0
2239,179292,Saint Louis Community College-Florissant Valley,2,6660.0,7837.0,8915.0,10836.0,10953.0
2247,179539,State Fair Community College,2,3717.0,4910.0,6669.0,6981.0,6230.0
2249,179557,Southeast Missouri State University,4,7937.0,8039.0,12169.0,14304.0,14926.0
2251,179645,Three Rivers College,2,3641.0,4936.0,6767.0,7450.0,7248.0
2252,179715,North Central Missouri College,2,5351.0,5294.0,7982.0,7232.0,6155.0
2263,180045,Montana State University-Billings-College of Technology,2,8141.0,8258.0,11605.0,12970.0,12970.0
2266,180081,Highlands College of Montana Tech,2,7524.0,7870.0,11134.0,12337.0,13345.0
2268,180151,Dawson Community College,2,3975.0,4877.0,7576.0,9252.0,9478.0
2270,180179,Montana State University Billings,4,10462.0,11665.0,14758.0,16207.0,16207.0
2271,180197,Flathead Valley Community College,2,7881.0,8310.0,10545.0,12538.0,12883.0
2274,180249,Great Falls College Montana State University,2,5644.0,7103.0,9798.0,11383.0,11448.0
2276,180276,Helena College University of Montana,2,8482.0,9543.0,12553.0,13034.0,13038.0
2278,180373,Miles Community College,2,3801.0,3902.0,7239.0,7800.0,7170.0
2280,180416,Montana Technological University,4,8813.0,10303.0,11265.0,14579.0,14544.0
2281,180461,Montana State University,4,10966.0,12593.0,15426.0,17435.0,17468.0
2282,180489,The University of Montana,4,11320.0,12208.0,14886.0,16838.0,16895.0
2283,180522,Montana State University-Northern,4,10026.0,10105.0,13335.0,15996.0,15996.0
2286,180692,The University of Montana-Western,3,9069.0,10857.0,12583.0,13261.0,13250.0
2291,180902,Central Community College,2,3850.0,4389.0,7135.0,8570.0,8482.0
2292,180948,Chadron State College,4,6197.0,7418.0,10480.0,11290.0,11661.0
2301,181215,University of Nebraska at Kearney,4,7948.0,8529.0,10490.0,12676.0,12298.0
2305,181303,Metropolitan Community College Area,2,6606.0,7200.0,8899.0,10408.0,10443.0
2306,181312,Mid-Plains Community College,2,3788.0,4209.0,6671.0,7680.0,7621.0
2309,181394,University of Nebraska at Omaha,4,8795.0,9825.0,12638.0,14058.0,14150.0
2314,181464,University of Nebraska-Lincoln,4,8551.0,9276.0,12953.0,16213.0,16570.0
2316,181534,Peru State College,4,4916.0,6604.0,8868.0,9744.0,10690.0
2322,181765,Nebraska College of Technical Agriculture,2,5471.0,6332.0,11625.0,11722.0,12602.0
2323,181783,Wayne State College,4,6294.0,7425.0,9864.0,12331.0,12179.0
2325,181817,Western Nebraska Community College,2,4006.0,5395.0,7366.0,9504.0,9511.0
2329,182005,College of Southern Nevada,3,5976.0,7233.0,9129.0,10443.0,10702.0
2333,182281,University of Nevada-Las Vegas,4,6295.0,7691.0,9000.0,8856.0,8710.0
2334,182290,University of Nevada-Reno,4,8908.0,10387.0,12722.0,14018.0,15332.0
2335,182306,Great Basin College,3,5078.0,6672.0,6944.0,10148.0,9795.0
2339,182500,Truckee Meadows Community College,2,7248.0,8259.0,10536.0,11954.0,12021.0
2340,182564,Western Nevada College,3,6889.0,8100.0,9913.0,11357.0,11357.0
2359,183044,University of New Hampshire-Main Campus,4,8480.0,13208.0,17988.0,22596.0,24220.0
2360,183062,Keene State College,4,9583.0,12041.0,16642.0,18743.0,19386.0
2361,183071,University of New Hampshire at Manchester,3,14156.0,14247.0,14492.0,14660.0,17113.0
2362,183080,Plymouth State University,4,8356.0,12213.0,16563.0,19685.0,20680.0
2363,183099,NHTI-Concord's Community College,2,14872.0,17728.0,17798.0,17798.0,17798.0
2366,183123,Lakes Region Community College,2,15048.0,18518.0,18518.0,18518.0,18518.0
2367,183132,Manchester Community College,2,12712.0,15934.0,15905.0,15934.0,15934.0
2368,183141,Nashua Community College,2,14412.0,17472.0,17472.0,17472.0,17472.0
2369,183150,Great Bay Community College,2,12904.0,16832.0,17575.0,17644.0,17644.0
2381,183743,Bergen Community College,2,4006.0,5215.0,8349.0,10772.0,10857.0
2385,183859,Brookdale Community College,2,3863.0,5044.0,10712.0,10813.0,10939.0
2386,183877,Rowan College at Burlington County,2,5073.0,6099.0,8646.0,10672.0,10988.0
2388,183938,Camden County College,2,1877.0,2671.0,5820.0,7245.0,7218.0
2413,184791,Rowan College of South Jersey Gloucester Campus,2,4502.0,5303.0,7929.0,9866.0,9866.0
2418,184995,Hudson County Community College,2,4046.0,6413.0,7218.0,7798.0,7954.0
2419,185129,New Jersey City University,4,5769.0,7843.0,12523.0,15880.0,15899.0
2421,185262,Kean University,4,11584.0,13536.0,19064.0,21685.0,21569.0
2425,185509,Mercer County Community College,2,1814.0,2530.0,4960.0,4964.0,4315.0
2426,185536,Middlesex County College,2,4903.0,5727.0,8142.0,9752.0,9921.0
2428,185590,Montclair State University,4,16562.0,17958.0,21066.0,22468.0,22365.0
2436,185828,New Jersey Institute of Technology,4,8623.0,11322.0,16651.0,20626.0,21425.0
2437,185873,Ocean County College,2,4957.0,5980.0,8062.0,8678.0,8146.0
2441,186034,Passaic County Community College,2,7064.0,5530.0,7462.0,7862.0,8050.0
2446,186201,Ramapo College of New Jersey,4,6662.0,9886.0,18358.0,23523.0,23694.0
2450,186371,Rutgers University-Camden,4,9011.0,9665.0,10513.0,11706.0,11927.0
2451,186380,Rutgers University-New Brunswick,4,16110.0,17365.0,19707.0,20627.0,20879.0
2452,186399,Rutgers University-Newark,4,12286.0,13171.0,14355.0,14855.0,15195.0
2460,186645,Raritan Valley Community College,2,4605.0,4752.0,6537.0,8204.0,8245.0
2462,186876,Stockton University,4,11314.0,14620.0,20756.0,22988.0,23230.0
2466,187134,The College of New Jersey,4,5573.0,8915.0,18957.0,22572.0,23851.0
2468,187198,Union County College,2,4579.0,5903.0,8239.0,9742.0,9796.0
2470,187444,William Paterson University of New Jersey,4,12583.0,15102.0,20700.0,23061.0,23428.0
2472,187532,Central New Mexico Community College,2,9206.0,10598.0,12788.0,13668.0,14096.0
2475,187620,New Mexico State University-Dona Ana,2,6510.0,7264.0,8648.0,9308.0,8590.0
2477,187648,Eastern New Mexico University-Main Campus,4,6639.0,8369.0,10625.0,10928.0,11960.0
2478,187666,Eastern New Mexico University-Roswell Campus,2,3209.0,3469.0,4594.0,7894.0,8673.0
2479,187745,Institute of American Indian and Alaska Native Culture and Arts Development,3,8812.0,10314.0,10852.0,11072.0,9481.0
2480,187897,New Mexico Highlands University,4,9501.0,10493.0,11743.0,12799.0,12192.0
2482,187912,New Mexico Military Institute,2,5988.0,7335.0,8366.0,6579.0,8093.0
2484,187967,New Mexico Institute of Mining and Technology,4,4209.0,5436.0,10106.0,10564.0,10939.0
2485,187976,University of New Mexico-Los Alamos Campus,2,5141.0,5184.0,8893.0,9711.0,10799.0
2486,187985,University of New Mexico-Main Campus,4,5983.0,7726.0,10452.0,12507.0,12222.0
2487,187994,New Mexico State University-Alamogordo,2,5544.0,5866.0,7443.0,6162.0,2343.0
2488,188003,New Mexico State University-Carlsbad,2,5688.0,6679.0,7858.0,8668.0,9605.0
2490,188030,New Mexico State University-Main Campus,4,9367.0,10171.0,11140.0,12229.0,10437.0
2491,188049,University of New Mexico-Valencia County Campus,2,5034.0,6037.0,7698.0,9408.0,9046.0
2493,188100,San Juan College,2,5182.0,8437.0,8652.0,9469.0,8410.0
2494,188137,Santa Fe Community College,2,8651.0,9526.0,11649.0,14280.0,13512.0
2504,188438,Adirondack Community College,2,2430.0,4060.0,7582.0,8750.0,9244.0
2536,189547,SUNY Broome Community College,2,4434.0,5581.0,7832.0,9065.0,9296.0
2546,189839,Cayuga County Community College,2,3201.0,4984.0,8519.0,10124.0,10525.0
2553,190053,Clinton Community College,2,2915.0,4724.0,7748.0,8985.0,7634.0
2559,190169,Columbia-Greene Community College,2,1919.0,3654.0,4225.0,7742.0,8089.0
2568,190442,SUNY Corning Community College,2,2567.0,3926.0,7294.0,8822.0,9017.0
2571,190512,CUNY Bernard M Baruch College,4,2123.0,4362.0,8594.0,12148.0,12134.0
2572,190521,CUNY Borough of Manhattan Community College,2,4869.0,6850.0,9376.0,11136.0,11698.0
2573,190530,CUNY Bronx Community College,2,5801.0,7466.0,10046.0,12221.0,12288.0
2574,190549,CUNY Brooklyn College,4,1981.0,3812.0,8475.0,11746.0,12034.0
2575,190558,College of Staten Island CUNY,4,3750.0,5692.0,9619.0,11630.0,12298.0
2576,190567,CUNY City College,4,2976.0,5338.0,8988.0,12042.0,12691.0
2578,190585,CUNY Hostos Community College,2,5488.0,7131.0,9841.0,12053.0,12158.0
2579,190594,CUNY Hunter College,4,2057.0,4414.0,8295.0,11576.0,11811.0
2580,190600,CUNY John Jay College of Criminal Justice,4,2178.0,4566.0,8195.0,10753.0,11192.0
2581,190619,CUNY Kingsborough Community College,2,4256.0,6579.0,8955.0,10966.0,10852.0
2582,190628,CUNY LaGuardia Community College,2,5570.0,7144.0,9695.0,11555.0,11891.0
2583,190637,CUNY Lehman College,4,1490.0,4065.0,7824.0,10680.0,11271.0
2584,190646,CUNY Medgar Evers College,3,5868.0,7604.0,11070.0,13166.0,13222.0
2585,190655,CUNY New York City College of Technology,3,3674.0,5760.0,9203.0,11749.0,12054.0
2586,190664,CUNY Queens College,4,1562.0,3756.0,8374.0,11207.0,11895.0
2587,190673,CUNY Queensborough Community College,2,3958.0,6029.0,8782.0,10744.0,10947.0
2589,190691,CUNY York College,4,3106.0,5041.0,8300.0,11292.0,12325.0
2596,190840,Dutchess Community College,2,2497.0,4353.0,7747.0,8957.0,9280.0
2600,191083,Erie Community College,2,1428.0,3207.0,6313.0,7948.0,8268.0
2601,191126,Fashion Institute of Technology,4,6217.0,8908.0,12643.0,14640.0,15209.0
2602,191199,Finger Lakes Community College,2,6914.0,8070.0,11294.0,13020.0,13380.0
2606,191302,Fulton-Montgomery Community College,2,7803.0,8587.0,10942.0,12115.0,12147.0
2609,191339,Genesee Community College,2,3392.0,6139.0,9130.0,10656.0,10916.0
2615,191612,Herkimer County Community College,2,4370.0,6283.0,9836.0,10999.0,11466.0
2620,191719,Hudson Valley Community College,2,6171.0,7921.0,10650.0,11696.0,12010.0
2628,191986,Jamestown Community College,2,4715.0,6593.0,9949.0,11477.0,11961.0
2630,192022,Jefferson Community College,2,3261.0,4896.0,7700.0,9024.0,9129.0
2670,193283,Mohawk Valley Community College,2,4736.0,6875.0,9056.0,11771.0,11993.0
2674,193326,Monroe Community College,2,3734.0,5513.0,8369.0,10055.0,10343.0
2679,193478,Nassau Community College,2,6591.0,8192.0,10850.0,12775.0,13122.0
2703,194222,Onondaga Community College,2,6611.0,7735.0,11512.0,13138.0,13442.0
2704,194240,Orange County Community College,2,3182.0,4883.0,8180.0,9198.0,9587.0
2729,195058,Rockland Community College,2,555.0,1441.0,4928.0,6761.0,7067.0
2741,195322,Schenectady County Community College,2,2367.0,3581.0,6672.0,8533.0,8968.0
2761,195988,Sullivan County Community College,2,7236.0,8196.0,9949.0,11281.0,11396.0
2762,196006,SUNY College of Technology at Alfred,3,8533.0,11056.0,15312.0,16574.0,16997.0
2763,196015,SUNY College of Technology at Canton,3,9771.0,11686.0,16669.0,18115.0,18586.0
2764,196024,SUNY College of Technology at Delhi,3,8877.0,10880.0,15168.0,17557.0,18172.0
2765,196033,SUNY College of Agriculture and Technology at Cobleskill,3,10161.0,12769.0,17296.0,18412.0,18962.0
2766,196042,Farmingdale State College,3,2826.0,5536.0,9454.0,11258.0,11879.0
2767,196051,SUNY Morrisville,3,10222.0,11951.0,16338.0,18337.0,18748.0
2768,196060,SUNY at Albany,4,7737.0,10488.0,15454.0,18208.0,18627.0
2769,196079,Binghamton University,4,7113.0,10704.0,15831.0,18450.0,18807.0
2770,196088,University at Buffalo,4,9500.0,10079.0,14937.0,16474.0,16883.0
2771,196097,Stony Brook University,4,6920.0,9273.0,14528.0,16930.0,17556.0
2772,196103,SUNY College of Environmental Science and Forestry,4,8265.0,9471.0,15663.0,18182.0,19545.0
2773,196112,SUNY Polytechnic Institute,4,10786.0,11677.0,14105.0,14907.0,15365.0
2774,196121,SUNY College at Brockport,4,6006.0,9746.0,14846.0,16699.0,17218.0
2775,196130,SUNY Buffalo State,4,14320.0,14482.0,15823.0,16875.0,17239.0
2776,196149,SUNY Cortland,4,8592.0,11886.0,15955.0,18380.0,18783.0
2777,196158,SUNY at Fredonia,4,7926.0,11167.0,15675.0,17886.0,18367.0
2778,196167,SUNY College at Geneseo,4,8215.0,10963.0,16094.0,17699.0,18293.0
2779,196176,State University of New York at New Paltz,4,7398.0,10785.0,16027.0,18161.0,18559.0
2780,196185,SUNY Oneonta,4,7318.0,10003.0,15228.0,17119.0,17738.0
2781,196194,SUNY College at Oswego,4,7732.0,10594.0,15623.0,17622.0,18447.0
2782,196200,SUNY College at Potsdam,4,7482.0,10607.0,14949.0,16504.0,17584.0
2783,196219,SUNY at Purchase College,4,12193.0,15469.0,19016.0,19303.0,19398.0
2785,196237,SUNY College at Old Westbury,4,5316.0,7888.0,13494.0,15002.0,16279.0
2786,196246,SUNY College at Plattsburgh,4,5738.0,9176.0,13203.0,15629.0,16275.0
2788,196264,SUNY Empire State College,4,10802.0,12349.0,15207.0,16210.0,18038.0
2789,196291,SUNY Maritime College,4,14224.0,15679.0,15907.0,16820.0,18831.0
2797,196565,Tompkins Cortland Community College,2,6117.0,7175.0,9851.0,10972.0,10972.0
2802,196699,Ulster County Community College,2,1767.0,4182.0,7175.0,8823.0,9311.0
2807,197027,United States Merchant Marine Academy,4,4818.0,9213.0,9213.0,9213.0,9213.0
2833,197869,Appalachian State University,4,5528.0,5986.0,9778.0,13683.0,14276.0
2847,198154,Cape Fear Community College,2,7182.0,7046.0,9941.0,12554.0,12687.0
2849,198206,Carteret Community College,2,6325.0,5890.0,8724.0,9027.0,11727.0
2859,198376,Davidson County Community College,2,9369.0,10082.0,11883.0,14053.0,15020.0
2863,198464,East Carolina University,4,3662.0,6183.0,11816.0,15668.0,16195.0
2865,198507,Elizabeth City State University,4,1058.0,1278.0,2794.0,5931.0,7521.0
2868,198534,Fayetteville Technical Community College,2,7355.0,7565.0,7929.0,10005.0,12187.0
2869,198543,Fayetteville State University,4,5348.0,5805.0,7922.0,11500.0,12300.0
2875,198622,Guilford Technical Community College,2,7987.0,10272.0,11807.0,10294.0,9867.0
2878,198668,Haywood Community College,2,8400.0,8217.0,9225.0,10879.0,11801.0
2882,198729,James Sprunt Community College,2,1809.0,3571.0,3821.0,4621.0,4621.0
2885,198774,Johnston Community College,2,9130.0,9800.0,11494.0,13698.0,14261.0
2909,199102,North Carolina A & T State University,4,3112.0,4567.0,8258.0,11984.0,12200.0
2910,199111,University of North Carolina at Asheville,4,3828.0,5954.0,10542.0,13739.0,14519.0
2911,199120,University of North Carolina at Chapel Hill,4,3263.0,6012.0,9439.0,15167.0,17377.0
2912,199139,University of North Carolina at Charlotte,4,4879.0,6053.0,9979.0,14112.0,14984.0
2913,199148,University of North Carolina at Greensboro,4,3132.0,5377.0,9402.0,13708.0,14232.0
2914,199157,North Carolina Central University,4,4481.0,5916.0,9944.0,13509.0,14218.0
2915,199184,University of North Carolina School of the Arts,4,2261.0,2952.0,9537.0,14404.0,15837.0
2916,199193,North Carolina State University at Raleigh,4,3872.0,5642.0,9301.0,13986.0,16267.0
2918,199218,University of North Carolina Wilmington,4,3876.0,6420.0,10750.0,14657.0,15432.0
2921,199281,University of North Carolina at Pembroke,4,4138.0,5270.0,8788.0,12680.0,13422.0
2925,199333,Pitt Community College,2,4142.0,5209.0,6170.0,6195.0,6234.0
2942,199722,Southeastern Community College,2,4825.0,5256.0,7003.0,9360.0,10360.0
2945,199768,Surry Community College,2,3529.0,3497.0,5204.0,5496.0,4817.0
2950,199856,Wake Technical Community College,2,9042.0,9511.0,12613.0,14806.0,15025.0
2955,199926,Wilkes Community College,2,3344.0,4313.0,6085.0,5209.0,6649.0
2960,199999,Winston-Salem State University,4,5910.0,7108.0,10215.0,13275.0,14261.0
2961,200004,Western Carolina University,4,3737.0,5322.0,9471.0,13110.0,14237.0
2963,200022,Bismarck State College,3,4646.0,6054.0,8886.0,10223.0,10479.0
2964,200059,Dickinson State University,3,7209.0,7598.0,10603.0,11830.0,12433.0
2970,200192,Lake Region State College,2,5668.0,5873.0,8853.0,10543.0,9852.0
2973,200226,Mayville State University,3,6288.0,7542.0,10854.0,12254.0,12450.0
2975,200253,Minot State University,4,9439.0,9844.0,13407.0,14783.0,14633.0
2977,200280,University of North Dakota,4,9040.0,9660.0,13459.0,14566.0,15240.0
2978,200305,North Dakota State College of Science,2,8061.0,8614.0,11750.0,13091.0,13092.0
2979,200314,Dakota College at Bottineau,2,6310.0,4952.0,9771.0,10540.0,10717.0
2980,200332,North Dakota State University-Main Campus,4,8662.0,9703.0,13422.0,15051.0,15028.0
2981,200341,Williston State College,2,5742.0,6525.0,9561.0,9877.0,9370.0
2987,200572,Valley City State University,4,8949.0,9884.0,11353.0,13467.0,13780.0
2992,200800,University of Akron Main Campus,4,13970.0,15194.0,18043.0,19189.0,19219.0
2994,200846,University of Akron Wayne College,2,10020.0,11627.0,14070.0,14768.0,14863.0
3006,201283,Belmont College,2,10626.0,11144.0,12780.0,14080.0,12973.0
3009,201432,Bowling Green State University-Firelands,2,8959.0,10029.0,12242.0,13500.0,13596.0
3010,201441,Bowling Green State University-Main Campus,4,11301.0,13085.0,16430.0,17516.0,18057.0
3022,201672,Central Ohio Technical College,2,11408.0,12261.0,14680.0,15625.0,15375.0
3024,201690,Central State University,4,6885.0,7864.0,9746.0,13209.0,12393.0
3026,201803,Choffin Career  and Technical Center,1,12379.0,13959.0,13203.0,13503.0,13938.0
3030,201885,University of Cincinnati-Main Campus,4,14664.0,15838.0,20214.0,22391.0,22752.0
3031,201928,Cincinnati State Technical and Community College,2,11840.0,12550.0,13921.0,14875.0,15039.0
3032,201946,University of Cincinnati-Clermont College,4,11521.0,11811.0,14892.0,15744.0,15722.0
3033,201955,University of Cincinnati-Blue Ash College,4,11800.0,12634.0,15048.0,16073.0,16117.0
3040,202134,Cleveland State University,4,10384.0,10938.0,15130.0,16403.0,16981.0
3045,202222,Columbus State Community College,2,4217.0,6553.0,8977.0,9460.0,9476.0
3047,202356,Cuyahoga Community College District,2,5015.0,6657.0,8290.0,6904.0,3728.0
3056,202648,Edison State Community College,4,9270.0,9497.0,10261.0,10537.0,10885.0
3074,203155,Hocking College,2,5910.0,6610.0,8717.0,9896.0,9927.0
3084,203447,Kent State University at Ashtabula,2,10545.0,10516.0,13242.0,14766.0,14874.0
3085,203456,Kent State University at East Liverpool,2,10067.0,10748.0,13595.0,14483.0,13990.0
3086,203465,Kent State University at Stark,2,6893.0,7562.0,10078.0,11768.0,11933.0
3087,203474,Kent State University at Trumbull,2,9187.0,9444.0,12394.0,13645.0,13211.0
3088,203483,Kent State University at Tuscarawas,2,9288.0,9953.0,12583.0,14007.0,13685.0
3089,203492,Kent State University at Salem,3,9242.0,9666.0,12508.0,13591.0,12971.0
3090,203517,Kent State University at Kent,4,13295.0,14641.0,18415.0,20214.0,20332.0
3091,203526,Kent State University at Geauga,2,7204.0,7890.0,10656.0,11799.0,11721.0
3095,203599,Lakeland Community College,2,6021.0,6470.0,8389.0,10034.0,10042.0
3097,203678,James A Rhodes State College,2,9990.0,10752.0,12968.0,11403.0,11468.0
3105,203881,Marion Technical College,2,6881.0,7296.0,8659.0,10926.0,11083.0
3109,204006,Miami University-Hamilton,4,10949.0,11888.0,14689.0,15492.0,15508.0
3110,204015,Miami University-Middletown,4,10159.0,11985.0,14079.0,15159.0,15292.0
3111,204024,Miami University-Oxford,4,16240.0,18102.0,21982.0,23221.0,23340.0
3119,204255,Zane State College,2,7079.0,7809.0,10001.0,10706.0,9808.0
3124,204422,North Central State College,2,3638.0,5326.0,7455.0,8449.0,8530.0
3126,204440,Northwest State Community College,2,7427.0,8206.0,10346.0,11619.0,11867.0
3138,204662,Ohio State University Agricultural Technical Institute,2,12099.0,13806.0,18151.0,18613.0,18899.0
3139,204671,Ohio State University-Lima Campus,3,9257.0,9820.0,13681.0,14630.0,14961.0
3140,204680,Ohio State University-Mansfield Campus,3,9288.0,10398.0,13980.0,15517.0,15883.0
3141,204699,Ohio State University-Marion Campus,3,8416.0,9216.0,12861.0,14139.0,14750.0
3142,204705,Ohio State University-Newark Campus,3,10801.0,12145.0,15665.0,16829.0,17057.0
3148,204796,Ohio State University-Main Campus,4,10520.0,12937.0,18777.0,22041.0,22421.0
3149,204802,Ohio University-Eastern Campus,2,9573.0,10069.0,12076.0,13643.0,11384.0
3150,204820,Ohio University-Chillicothe Campus,2,9589.0,9869.0,12050.0,14077.0,13781.0
3151,204839,Ohio University-Southern Campus,2,9244.0,10135.0,12266.0,13676.0,13838.0
3152,204848,Ohio University-Lancaster Campus,2,8998.0,9681.0,11823.0,13435.0,13698.0
3153,204857,Ohio University-Main Campus,4,13402.0,14709.0,18616.0,21296.0,20777.0
3154,204866,Ohio University-Zanesville Campus,2,7419.0,8432.0,10018.0,12158.0,11736.0
3159,204945,Owens Community College,2,5297.0,6389.0,8852.0,9826.0,9917.0
3171,205443,Shawnee State University,4,13112.0,13533.0,15990.0,17435.0,17437.0
3172,205470,Sinclair Community College,2,3179.0,4057.0,6132.0,6987.0,7131.0
3184,205841,Stark State College,2,11378.0,11009.0,13111.0,14442.0,14720.0
3192,206084,University of Toledo,4,10968.0,12063.0,14837.0,16331.0,16738.0
3209,206446,Washington State Community College,2,7094.0,8785.0,9506.0,11651.0,12276.0
3216,206604,Wright State University-Main Campus,4,13534.0,15113.0,18861.0,20413.0,20853.0
3217,206613,Wright State University-Lake Campus,3,7342.0,7047.0,11511.0,13788.0,13806.0
3220,206695,Youngstown State University,4,11145.0,11960.0,14694.0,16289.0,15919.0
3227,206914,Cameron University,4,5304.0,6123.0,10266.0,11352.0,11711.0
3228,206923,Carl Albert State College,2,1684.0,3239.0,5977.0,6916.0,7261.0
3232,206996,Connors State College,2,9374.0,10330.0,14476.0,14839.0,14853.0
3234,207050,Eastern Oklahoma State College,2,4694.0,4680.0,4787.0,5413.0,5627.0
3240,207209,Langston University,4,8683.0,9897.0,11938.0,13743.0,10629.0
3243,207263,Northeastern State University,4,5389.0,6492.0,9446.0,11042.0,11874.0
3246,207290,Northeastern Oklahoma A&M College,2,4336.0,4809.0,6018.0,6723.0,6272.0
3247,207306,Northwestern Oklahoma State University,4,3933.0,4297.0,7490.0,9096.0,9280.0
3251,207351,Oklahoma Panhandle State University,3,2691.0,4615.0,6141.0,4644.0,6759.0
3252,207388,Oklahoma State University-Main Campus,4,8113.0,9592.0,12875.0,15532.0,17397.0
3253,207397,Oklahoma State University-Oklahoma City,3,4423.0,4435.0,4839.0,8627.0,8665.0
3255,207449,Oklahoma City Community College,2,6176.0,6776.0,10283.0,11229.0,11575.0
3257,207500,University of Oklahoma-Norman Campus,4,13229.0,13562.0,15040.0,15880.0,17006.0
3259,207564,Oklahoma State University Institute of Technology,3,5371.0,5872.0,8542.0,9696.0,9790.0
3263,207661,Rogers State University,3,5710.0,7461.0,9785.0,10972.0,10798.0
3264,207670,Rose State College,2,7628.0,8082.0,10654.0,11816.0,11887.0
3267,207722,University of Science and Arts of Oklahoma,3,1677.0,2972.0,6257.0,7677.0,7043.0
3268,207740,Seminole State College,2,7578.0,8131.0,9965.0,9462.0,9855.0
3270,207847,Southeastern Oklahoma State University,4,6677.0,7644.0,9974.0,12226.0,11375.0
3272,207865,Southwestern Oklahoma State University,4,6495.0,7393.0,10776.0,12012.0,12967.0
3273,207935,Tulsa Community College,2,2341.0,2905.0,5609.0,5111.0,6608.0
3285,208275,Blue Mountain Community College,2,6043.0,8219.0,10515.0,11047.0,11489.0
3286,208318,Central Oregon Community College,2,5535.0,8026.0,11026.0,12328.0,12564.0
3287,208390,Chemeketa Community College,2,8274.0,8774.0,11105.0,12296.0,10990.0
3288,208406,Clackamas Community College,2,2692.0,3933.0,4210.0,4854.0,6498.0
3289,208415,Clatsop Community College,2,5251.0,7434.0,8345.0,8753.0,9760.0
3295,208646,Eastern Oregon University,4,9126.0,9963.0,14175.0,15046.0,14994.0
3304,209074,Linn-Benton Community College,2,4697.0,6950.0,9864.0,10824.0,11182.0
3316,209506,Oregon Institute of Technology,4,7352.0,9634.0,13611.0,15834.0,15623.0
3318,209542,Oregon State University,4,13947.0,13760.0,13063.0,13721.0,13215.0
3319,209551,University of Oregon,4,8127.0,10801.0,15418.0,18053.0,18479.0
3327,209746,Portland Community College,2,6046.0,8212.0,10771.0,11746.0,11798.0
3328,209807,Portland State University,4,10013.0,11801.0,15702.0,17005.0,17626.0
3331,209940,Rogue Community College,2,5322.0,7718.0,9378.0,11332.0,11738.0
3335,210146,Southern Oregon University,4,8955.0,11702.0,15411.0,17381.0,17247.0
3336,210155,Southwestern Oregon Community College,2,5991.0,7131.0,9205.0,11122.0,11136.0
3338,210270,Umpqua Community College,2,7748.0,7899.0,9913.0,10378.0,9602.0
3345,210429,Western Oregon University,4,13194.0,14239.0,17210.0,18450.0,18503.0
3354,210605,Community College of Allegheny County,2,4474.0,5465.0,7752.0,9428.0,9552.0
3369,211079,Community College of Beaver County,2,3465.0,5461.0,7785.0,9152.0,9423.0
3373,211158,Bloomsburg University of Pennsylvania,4,9121.0,11350.0,15505.0,18566.0,19165.0
3382,211361,California University of Pennsylvania,4,10557.0,11570.0,15532.0,18169.0,18685.0
3391,211608,Cheyney University of Pennsylvania,4,11972.0,13449.0,16138.0,18964.0,18556.0
3394,211644,Clarion University of Pennsylvania,4,8120.0,9323.0,13215.0,15944.0,16443.0
3409,212115,East Stroudsburg University of Pennsylvania,4,6925.0,8614.0,12780.0,15593.0,15828.0
3411,212160,Edinboro University of Pennsylvania,4,9530.0,11029.0,14009.0,16740.0,16935.0
3441,212878,Harrisburg Area Community College,2,6806.0,8630.0,10947.0,11762.0,11947.0
3448,213020,Indiana University of Pennsylvania-Main Campus,4,10894.0,12091.0,16243.0,19080.0,19659.0
3459,213349,Kutztown University of Pennsylvania,4,9393.0,11308.0,15272.0,17863.0,18484.0
3477,213613,Lock Haven University,4,6665.0,7798.0,12249.0,15076.0,15411.0
3481,213659,Luzerne County Community College,2,4732.0,5968.0,8364.0,9623.0,9746.0
3485,213783,Mansfield University of Pennsylvania,4,10369.0,11057.0,15014.0,17681.0,18315.0
3492,214041,Millersville University of Pennsylvania,4,7229.0,9389.0,13835.0,16838.0,17354.0
3494,214111,Montgomery County Community College,2,5271.0,6511.0,9065.0,10517.0,10669.0
3503,214379,Northampton County Area Community College,2,4265.0,5334.0,7957.0,9905.0,10142.0
3509,214591,Pennsylvania State University-Penn State Erie-Behrend College,4,14979.0,16721.0,20959.0,23964.0,25241.0
3512,214625,Pennsylvania State University-Penn State New Kensington,3,8833.0,10779.0,13418.0,16343.0,17379.0
3513,214634,Pennsylvania State University-Penn State Shenango,3,12665.0,13607.0,15008.0,17714.0,19954.0
3514,214643,Pennsylvania State University-Penn State Wilkes-Barre,3,8510.0,9658.0,13300.0,15483.0,16335.0
3515,214652,Pennsylvania State University-Penn State Scranton,3,8608.0,9152.0,13908.0,16393.0,16699.0
3516,214670,Pennsylvania State University-Penn State Lehigh Valley,3,7366.0,7970.0,13390.0,16442.0,16793.0
3517,214689,Pennsylvania State University-Penn State Altoona,3,14540.0,16514.0,20130.0,23189.0,24552.0
3518,214698,Pennsylvania State University-Penn State Beaver,3,10737.0,12736.0,15286.0,19171.0,19836.0
3519,214704,Pennsylvania State University-Penn State Berks,3,12947.0,15270.0,19929.0,22844.0,23764.0
3520,214713,Pennsylvania State University-Penn State Harrisburg,4,12796.0,15018.0,19028.0,21621.0,22735.0
3521,214731,Pennsylvania State University-Penn State Brandywine,3,7334.0,9251.0,12932.0,15984.0,16450.0
3522,214740,Pennsylvania State University-Penn State DuBois,3,10476.0,12086.0,14338.0,18185.0,19486.0
3523,214759,Pennsylvania State University-Penn State Fayette- Eberly,3,9314.0,8772.0,13348.0,16446.0,17060.0
3524,214768,Pennsylvania State University-Penn State Hazleton,3,12649.0,14827.0,18973.0,21643.0,22529.0
3525,214777,Pennsylvania State University-Main Campus,4,14961.0,16977.0,21735.0,25447.0,27322.0
3526,214786,Pennsylvania State University-Penn State Greater Allegheny,3,11155.0,13826.0,16465.0,21455.0,21799.0
3527,214795,Pennsylvania State University-Penn State Mont Alto,3,13458.0,13288.0,18699.0,22313.0,22112.0
3528,214801,Pennsylvania State University-Penn State Abington,3,7626.0,9331.0,13667.0,16172.0,17623.0
3529,214810,Pennsylvania State University-Penn State Schuylkill,3,11102.0,13978.0,16881.0,19974.0,19840.0
3530,214829,Pennsylvania State University-Penn State York,3,8672.0,9389.0,12899.0,15009.0,16946.0
3547,215239,Community College of Philadelphia,2,5590.0,6862.0,9341.0,10551.0,10556.0
3548,215266,University of Pittsburgh-Bradford,3,11406.0,13163.0,14175.0,15183.0,14625.0
3549,215275,University of Pittsburgh-Greensburg,3,11901.0,11543.0,14938.0,18377.0,20167.0
3550,215284,University of Pittsburgh-Johnstown,3,11145.0,13241.0,16204.0,19013.0,20209.0
3551,215293,University of Pittsburgh-Pittsburgh Campus,4,16445.0,17695.0,21669.0,24937.0,25981.0
3552,215309,University of Pittsburgh-Titusville,2,11406.0,12945.0,14215.0,17800.0,16130.0
3562,215585,Reading Area Community College,2,9757.0,10030.0,12803.0,14279.0,14270.0
3582,216010,Shippensburg University of Pennsylvania,4,6944.0,8749.0,13120.0,15806.0,16272.0
3583,216038,Slippery Rock University of Pennsylvania,4,9335.0,10524.0,15023.0,17980.0,18506.0
3591,216296,Thaddeus Stevens College of Technology,2,1647.0,2131.0,7442.0,12428.0,12529.0
3593,216339,Temple University,4,13042.0,14230.0,16539.0,19324.0,21795.0
3612,216764,West Chester University of Pennsylvania,4,7761.0,9403.0,13260.0,15928.0,16536.0
3617,216825,Westmoreland County Community College,2,1391.0,1585.0,4147.0,5039.0,5400.0
3635,217420,Rhode Island College,4,5004.0,6284.0,10017.0,12149.0,12761.0
3636,217475,Community College of Rhode Island,2,1970.0,3678.0,6367.0,7413.0,7516.0
3637,217484,University of Rhode Island,4,9552.0,12212.0,15260.0,19181.0,20716.0
3654,217819,College of Charleston,4,8771.0,11348.0,15124.0,16399.0,16004.0
3657,217864,Citadel Military College of South Carolina,4,6968.0,10803.0,12144.0,15623.0,17114.0
3659,217882,Clemson University,4,13266.0,15231.0,16543.0,17220.0,17516.0
3665,217989,Denmark Technical College,2,6080.0,6341.0,7859.0,9097.0,9400.0
3667,218025,Florence-Darlington Technical College,2,3853.0,5279.0,6490.0,7720.0,7496.0
3672,218140,Horry-Georgetown Technical College,2,5833.0,6977.0,9704.0,9673.0,9081.0
3675,218229,Lander University,4,8545.0,10406.0,12847.0,14425.0,15452.0
3679,218353,Midlands Technical College,2,6232.0,7033.0,10021.0,11034.0,11145.0
3683,218487,Orangeburg Calhoun Technical College,2,5701.0,6861.0,8220.0,6327.0,6668.0
3684,218520,Piedmont Technical College,2,6278.0,6502.0,8574.0,9491.0,9679.0
3686,218645,University of South Carolina Aiken,4,6206.0,8390.0,11823.0,12713.0,13451.0
3687,218654,University of South Carolina Beaufort,3,12037.0,13876.0,17052.0,17273.0,18244.0
3688,218663,University of South Carolina-Columbia,4,8719.0,10831.0,14989.0,16791.0,17573.0
3689,218672,University of South Carolina-Lancaster,2,3444.0,4437.0,6783.0,8615.0,8619.0
3690,218681,University of South Carolina-Salkehatchie,2,7463.0,8207.0,10299.0,11800.0,13009.0
3691,218690,University of South Carolina-Sumter,2,2994.0,4180.0,7381.0,8104.0,9506.0
3693,218724,Coastal Carolina University,4,10758.0,11545.0,15169.0,16647.0,17290.0
3695,218742,University of South Carolina-Upstate,4,8602.0,9580.0,13318.0,14543.0,14551.0
3698,218830,Spartanburg Community College,2,6467.0,6288.0,7587.0,9962.0,10756.0
3699,218858,Central Carolina Technical College,2,4942.0,6461.0,8129.0,8920.0,9278.0
3701,218885,Tri-County Technical College,2,6050.0,6655.0,7928.0,9350.0,9612.0
3702,218894,Trident Technical College,2,6668.0,7300.0,8857.0,9754.0,9669.0
3705,218964,Winthrop University,4,10164.0,12779.0,15397.0,16531.0,16875.0
3707,218991,York Technical College,2,7306.0,7936.0,8780.0,10649.0,10933.0
3710,219046,Black Hills State University,4,10548.0,12058.0,14531.0,15133.0,15368.0
3712,219082,Dakota State University,4,10176.0,10667.0,13103.0,14589.0,15043.0
3715,219143,Lake Area Technical Institute,2,7774.0,8370.0,11820.0,12511.0,12396.0
3717,219189,Mitchell Technical Institute,2,7497.0,7924.0,8394.0,10424.0,10599.0
3722,219259,Northern State University,4,8110.0,8961.0,12321.0,13419.0,13038.0
3726,219347,South Dakota School of Mines and Technology,4,9212.0,12945.0,14479.0,15897.0,15472.0
3727,219356,South Dakota State University,4,9545.0,11174.0,13920.0,14871.0,14856.0
3732,219426,Southeast Technical Institute,2,8525.0,9107.0,11356.0,11955.0,12048.0
3734,219471,University of South Dakota,4,10156.0,10279.0,14216.0,15286.0,15334.0
3735,219480,Western Dakota Technical Institute,2,8060.0,10548.0,13418.0,13297.0,13821.0
3740,219602,Austin Peay State University,4,8027.0,9669.0,12873.0,13595.0,13867.0
3746,219824,Chattanooga State Community College,2,6509.0,7560.0,10235.0,11082.0,9608.0
3757,220057,Dyersburg State Community College,2,7284.0,7806.0,11158.0,12115.0,11859.0
3758,220075,East Tennessee State University,4,8155.0,9660.0,12132.0,14019.0,14444.0
3791,220862,University of Memphis,4,6991.0,8513.0,12324.0,13392.0,13772.0
3794,220978,Middle Tennessee State University,4,5156.0,6776.0,11000.0,12291.0,12044.0
3798,221096,Motlow State Community College,2,5883.0,7452.0,10187.0,11447.0,11494.0
3802,221184,Nashville State Community College,2,6346.0,7468.0,10004.0,10781.0,11233.0
3810,221397,Roane State Community College,2,7176.0,8060.0,11015.0,12374.0,12333.0
3821,221643,Pellissippi State Community College,2,12564.0,13263.0,15892.0,17317.0,17529.0
3825,221740,The University of Tennessee-Chattanooga,4,6103.0,8086.0,11742.0,13373.0,13301.0
3826,221759,The University of Tennessee-Knoxville,4,10587.0,11247.0,13152.0,15271.0,15318.0
3827,221768,The University of Tennessee-Martin,4,4401.0,6515.0,9724.0,10633.0,11071.0
3830,221838,Tennessee State University,4,5817.0,7665.0,10969.0,12341.0,11331.0
3831,221847,Tennessee Technological University,4,5981.0,8936.0,12081.0,12547.0,12894.0
3834,221908,Northeast State Community College,2,6450.0,7020.0,9991.0,11108.0,10914.0
3840,222053,Volunteer State Community College,2,5465.0,6982.0,9675.0,10720.0,10430.0
3841,222062,Walters State Community College,2,3350.0,4146.0,6785.0,8345.0,8569.0
3854,222831,Angelo State University,4,8449.0,10051.0,13185.0,14989.0,15491.0
3859,222992,Austin Community College District,2,5920.0,7005.0,10177.0,11621.0,11794.0
3867,223320,Coastal Bend College,2,2633.0,3661.0,6051.0,8658.0,9229.0
3868,223427,Blinn College,2,4453.0,6089.0,8862.0,9796.0,10191.0
3872,223524,Brookhaven College,2,4421.0,5151.0,7472.0,10228.0,10061.0
3875,223773,Cedar Valley College,2,5734.0,6698.0,8052.0,11052.0,11052.0
3882,224110,North Central Texas College,2,2646.0,4231.0,6576.0,8219.0,8492.0
3883,224147,Texas A & M University-Corpus Christi,4,10622.0,11244.0,11543.0,11610.0,12307.0
3891,224350,Del Mar College,2,3896.0,5076.0,6501.0,6888.0,6568.0
3896,224554,Texas A & M University-Commerce,4,8245.0,10086.0,11290.0,11680.0,11552.0
3897,224572,Eastfield College,2,4968.0,5767.0,7262.0,9273.0,10439.0
3899,224642,El Paso Community College,2,3300.0,4436.0,5755.0,6249.0,6272.0
3906,224891,Frank Phillips College,2,2896.0,4173.0,7626.0,7639.0,8792.0
3912,225308,Trinity Valley Community College,2,5035.0,5640.0,8044.0,10048.0,9318.0
3917,225432,University of Houston-Downtown,4,8225.0,8672.0,12525.0,15229.0,16185.0
3919,225511,University of Houston,4,7497.0,8990.0,14275.0,16827.0,17864.0
3920,225520,Howard College,2,2519.0,2612.0,4710.0,4738.0,6854.0
3932,226091,Lamar University,4,11966.0,13196.0,16627.0,17430.0,17478.0
3933,226107,Lamar State College-Orange,2,2208.0,3097.0,5445.0,6972.0,6972.0
3936,226134,Laredo College,2,3500.0,4912.0,6640.0,6324.0,6762.0
3937,226152,Texas A & M International University,4,3045.0,2386.0,2619.0,5705.0,3956.0
3938,226204,Lee College,2,6045.0,6715.0,8084.0,8548.0,8532.0
3951,226833,Midwestern State University,4,3000.0,5019.0,9797.0,12658.0,13452.0
3955,226930,Mountain View College,2,4701.0,4896.0,6759.0,7733.0,10108.0
3958,227146,Navarro College,2,7702.0,9078.0,11989.0,13080.0,12870.0
3960,227182,Lone Star College System,2,4088.0,5223.0,7742.0,9371.0,9457.0
3961,227191,North Lake College,2,4674.0,4909.0,6864.0,9259.0,10142.0
3962,227216,University of North Texas,4,2178.0,4008.0,10991.0,15101.0,16085.0
3971,227368,The University of Texas Rio Grande Valley,4,3060.0,4754.0,8388.0,12708.0,12495.0
3972,227377,Texas Southmost College,4,4486.0,6250.0,9296.0,11125.0,11086.0
3976,227526,Prairie View A & M University,4,13904.0,14135.0,15339.0,16727.0,15121.0
3980,227766,Richland College,2,3717.0,4740.0,6889.0,9731.0,9335.0
3983,227854,St Philip's College,2,4093.0,4945.0,6738.0,8668.0,9615.0
3985,227881,Sam Houston State University,4,8761.0,9754.0,10660.0,10738.0,10035.0
3986,227924,San Antonio College,2,2511.0,3352.0,5593.0,8001.0,8747.0
3987,227979,San Jacinto Community College,2,2536.0,4085.0,7645.0,10493.0,10755.0
3999,228316,Southwest Texas Junior College,2,2938.0,3972.0,6390.0,9092.0,9092.0
4002,228431,Stephen F Austin State University,4,14920.0,16349.0,16910.0,16283.0,15616.0
4003,228459,Texas State University,4,12555.0,8215.0,12516.0,16488.0,16479.0
4007,228501,Sul Ross State University,4,6350.0,9441.0,12211.0,14203.0,14514.0
4009,228547,Tarrant County College District,2,4333.0,5201.0,7206.0,9692.0,9933.0
4010,228608,Temple College,2,3899.0,4409.0,7868.0,8758.0,5092.0
4014,228680,Texas State Technical College-Waco,2,3991.0,5239.0,9056.0,10706.0,10850.0
4015,228699,Texarkana College,2,4598.0,5562.0,5828.0,8099.0,4150.0
4016,228705,Texas A & M University-Kingsville,4,2468.0,3811.0,8253.0,10869.0,11166.0
4017,228714,Texas A & M University-Galveston,4,6094.0,9044.0,14086.0,14887.0,15550.0
4018,228723,Texas A & M University-College Station,4,4110.0,7462.0,12680.0,16550.0,18757.0
4019,228769,The University of Texas at Arlington,4,6257.0,7907.0,10062.0,15610.0,15994.0
4020,228778,The University of Texas at Austin,4,6077.0,8070.0,15066.0,19810.0,21564.0
4021,228787,The University of Texas at Dallas,4,6479.0,8253.0,12977.0,15114.0,16007.0
4022,228796,The University of Texas at El Paso,4,895.0,2395.0,8777.0,12571.0,13093.0
4023,228802,The University of Texas at Tyler,4,4137.0,7063.0,12484.0,15765.0,16322.0
4029,229018,The University of Texas of the Permian Basin,4,1456.0,1833.0,5072.0,8733.0,8526.0
4030,229027,The University of Texas at San Antonio,4,6298.0,8564.0,13438.0,16207.0,16911.0
4033,229115,Texas Tech University,4,12160.0,13844.0,15051.0,15620.0,14430.0
4036,229179,Texas Woman's University,4,5074.0,5291.0,9925.0,12015.0,12679.0
4040,229328,Texas State Technical College-West Texas,2,8741.0,6664.0,11795.0,13533.0,15323.0
4042,229355,Tyler Junior College,2,4818.0,6041.0,9019.0,10341.0,10230.0
4045,229504,Vernon College,2,3771.0,3917.0,7922.0,8984.0,8678.0
4047,229540,Victoria College,2,5210.0,7113.0,9542.0,11050.0,11183.0
4051,229814,West Texas A & M University,4,5779.0,5678.0,10568.0,13734.0,14416.0
4053,229841,Wharton County Junior College,2,1170.0,2697.0,5214.0,7274.0,7222.0
4065,230171,Dixie State University,3,12765.0,13572.0,15694.0,17484.0,17992.0
4075,230597,Snow College,2,5801.0,5118.0,6846.0,7472.0,6901.0
4076,230603,Southern Utah University,4,6979.0,7553.0,9310.0,9965.0,9943.0
4080,230728,Utah State University,4,7816.0,8287.0,10278.0,11986.0,12468.0
4081,230737,Utah Valley University,4,11322.0,12014.0,13719.0,15575.0,15762.0
4083,230764,University of Utah,4,11954.0,12981.0,14193.0,15238.0,14665.0
4088,230834,Castleton University,4,11229.0,11786.0,15065.0,17515.0,17652.0
4090,230861,Community College of Vermont,2,4970.0,6062.0,8272.0,9849.0,9881.0
4093,230913,Northern Vermont University,4,10031.0,11192.0,14966.0,16839.0,17200.0
4094,230931,Lyndon State College,4,9958.0,11511.0,14389.0,16467.0,16814.0
4106,231165,Vermont Technical College,3,12394.0,13823.0,16984.0,19732.0,19640.0
4107,231174,University of Vermont,4,5233.0,6901.0,12276.0,17777.0,23087.0
4111,231536,Blue Ridge Community College,2,5088.0,6432.0,8314.0,9837.0,10289.0
4114,231624,William & Mary,4,3337.0,8329.0,12739.0,20231.0,20833.0
4119,231712,Christopher Newport University,4,12304.0,13793.0,16577.0,18704.0,20739.0
4124,231873,Dabney S Lancaster Community College,2,1564.0,3123.0,3287.0,7478.0,6811.0
4125,231882,Danville Community College,2,4100.0,5048.0,7032.0,9311.0,9700.0
4132,232186,George Mason University,4,7227.0,8491.0,12288.0,15491.0,16724.0
4137,232414,J Sargeant Reynolds Community College,2,3950.0,5183.0,6619.0,8754.0,9048.0
4138,232423,James Madison University,4,8230.0,9825.0,14240.0,18325.0,19128.0
4139,232450,John Tyler Community College,2,4181.0,5015.0,6698.0,8686.0,9104.0
4142,232566,Longwood University,4,10308.0,12271.0,15318.0,18051.0,19999.0
4148,232681,University of Mary Washington,4,7626.0,10578.0,14046.0,17485.0,17680.0
4153,232867,New River Community College,2,3273.0,4333.0,7218.0,8603.0,8776.0
4156,232937,Norfolk State University,4,8482.0,9256.0,12273.0,13102.0,14561.0
4157,232946,Northern Virginia Community College,2,4815.0,5966.0,8330.0,10736.0,11007.0
4158,232982,Old Dominion University,4,6401.0,7366.0,11328.0,13866.0,14763.0
4163,233116,Piedmont Virginia Community College,2,3957.0,5096.0,6300.0,8454.0,9026.0
4164,233277,Radford University,4,6927.0,8442.0,12226.0,16149.0,17576.0
4170,233338,Richard Bland College,2,7646.0,8725.0,10077.0,10965.0,12117.0
4185,233754,Thomas Nelson Community College,2,4551.0,5715.0,7372.0,8856.0,9314.0
4186,233772,Tidewater Community College,2,3020.0,3738.0,6052.0,8032.0,8199.0
4188,233897,The University of Virginia's College at Wise,3,9119.0,9981.0,12760.0,14858.0,14854.0
4191,233921,Virginia Polytechnic Institute and State University,4,9029.0,12464.0,16515.0,19911.0,21140.0
4192,233949,Virginia Western Community College,2,3468.0,5191.0,7203.0,9110.0,9308.0
4193,234030,Virginia Commonwealth University,4,13731.0,14595.0,18663.0,20972.0,22204.0
4194,234076,University of Virginia-Main Campus,4,4638.0,7595.0,13886.0,18792.0,20653.0
4195,234085,Virginia Military Institute,3,6428.0,6556.0,10013.0,15084.0,17979.0
4198,234155,Virginia State University,4,9781.0,11183.0,13350.0,14686.0,15028.0
4206,234377,Wytheville Community College,2,-253.0,484.0,2247.0,4201.0,5501.0
4213,234711,Big Bend Community College,2,6533.0,7367.0,10154.0,12604.0,12952.0
4216,234827,Central Washington University,4,8411.0,11105.0,15648.0,17146.0,18035.0
4222,234979,Columbia Basin College,2,4632.0,5244.0,7670.0,10877.0,10877.0
4225,235097,Eastern Washington University,4,6706.0,7794.0,12436.0,15578.0,16342.0
4226,235103,Edmonds Community College,2,5443.0,6853.0,9471.0,9754.0,11272.0
4229,235167,The Evergreen State College,4,6538.0,7874.0,11852.0,15789.0,16845.0
4233,235334,Grays Harbor College,2,4547.0,5817.0,7972.0,8699.0,6958.0
4234,235343,Green River College,2,5496.0,7293.0,9591.0,11586.0,11586.0
4244,235671,Bates Technical College,2,6471.0,7939.0,11051.0,12197.0,12197.0
4245,235699,Lake Washington Institute of Technology,2,4885.0,6343.0,9265.0,9867.0,10091.0
4272,236753,Tacoma Community College,2,5813.0,7610.0,9980.0,11514.0,11520.0
4275,236939,Washington State University,4,9143.0,11423.0,15525.0,20170.0,21488.0
4276,236948,University of Washington-Seattle Campus,4,7006.0,7656.0,12634.0,19390.0,20151.0
4279,237011,Western Washington University,4,7403.0,9192.0,13217.0,17394.0,18221.0
4283,237109,Yakima Valley College,2,4723.0,5668.0,8324.0,10566.0,10429.0
4291,237215,Bluefield State College,3,10952.0,11071.0,11282.0,11665.0,9763.0
4296,237330,Concord University,4,7596.0,7612.0,10204.0,12170.0,11363.0
4298,237367,Fairmont State University,4,7641.0,9145.0,11995.0,14523.0,14926.0
4299,237385,Glenville State College,3,7637.0,9355.0,13323.0,15695.0,15908.0
4304,237525,Marshall University,4,5678.0,6287.0,9592.0,11673.0,11316.0
4314,237701,Potomac State College of West Virginia University,3,5253.0,7125.0,8350.0,7488.0,7791.0
4317,237792,Shepherd University,4,9972.0,7170.0,11927.0,13539.0,14376.0
4321,237899,West Virginia State University,4,7534.0,9709.0,9808.0,9393.0,8947.0
4323,237932,West Liberty University,3,4049.0,8218.0,11473.0,11390.0,12771.0
4324,237950,West Virginia University Institute of Technology,3,7737.0,10317.0,10622.0,10397.0,12374.0
4330,238014,West Virginia Northern Community College,2,1829.0,2384.0,5952.0,7821.0,7703.0
4331,238032,West Virginia University,4,6703.0,8850.0,9639.0,9851.0,9893.0
4337,238263,Madison Area Technical College,4,10678.0,11887.0,14307.0,15310.0,15168.0
4341,238397,Blackhawk Technical College,2,6659.0,8046.0,10818.0,11818.0,11869.0
4348,238722,Fox Valley Technical College,2,4841.0,6178.0,8515.0,9639.0,9688.0
4349,238759,Gateway Technical College,2,5613.0,6790.0,9481.0,10532.0,10315.0
4355,239008,Lakeshore Technical College,2,6725.0,8020.0,9300.0,10811.0,10811.0
4362,239220,Mid-State Technical College,2,7024.0,7575.0,10493.0,11393.0,11393.0
4363,239248,Milwaukee Area Technical College,2,7799.0,8973.0,10920.0,11997.0,12013.0
4366,239372,Moraine Park Technical College,2,8991.0,8523.0,11397.0,9658.0,9070.0
4370,239460,Northcentral Technical College,2,6380.0,6967.0,10365.0,11271.0,11692.0
4371,239488,Northeast Wisconsin Technical College,2,6960.0,7437.0,10089.0,11513.0,11646.0
4381,240055,University of Wisconsin Colleges,2,5159.0,5946.0,9814.0,11628.0,11737.0
4383,240116,Chippewa Valley Technical College,2,6951.0,7805.0,10493.0,11797.0,11828.0
4384,240125,Waukesha County Technical College,2,5842.0,6503.0,8944.0,9791.0,10400.0
4385,240170,Western Technical College,2,7425.0,8337.0,9214.0,9064.0,9211.0
4386,240189,University of Wisconsin-Whitewater,4,5777.0,7962.0,12566.0,14250.0,14402.0
4387,240198,Wisconsin Indianhead Technical College,2,7125.0,7768.0,10386.0,11373.0,11373.0
4390,240268,University of Wisconsin-Eau Claire,4,6038.0,7812.0,12591.0,15099.0,15207.0
4391,240277,University of Wisconsin-Green Bay,4,5428.0,7076.0,11874.0,13687.0,13893.0
4392,240329,University of Wisconsin-La Crosse,4,6925.0,9088.0,13829.0,15947.0,16156.0
4394,240365,University of Wisconsin-Oshkosh,4,7563.0,9304.0,13818.0,15908.0,16067.0
4395,240374,University of Wisconsin-Parkside,4,8437.0,9839.0,14117.0,16307.0,16376.0
4397,240417,University of Wisconsin-Stout,4,8047.0,9713.0,14137.0,16277.0,16387.0
4398,240426,University of Wisconsin-Superior,4,6740.0,8347.0,13100.0,15362.0,15796.0
4399,240444,University of Wisconsin-Madison,4,6478.0,8633.0,15255.0,18341.0,19318.0
4400,240453,University of Wisconsin-Milwaukee,4,11062.0,13036.0,17580.0,19537.0,19720.0
4401,240462,University of Wisconsin-Platteville,4,6104.0,7685.0,12255.0,14213.0,14388.0
4402,240471,University of Wisconsin-River Falls,4,7238.0,8598.0,12768.0,14975.0,14851.0
4403,240480,University of Wisconsin-Stevens Point,4,5872.0,7945.0,12555.0,14678.0,14684.0
4404,240505,Casper College,2,4976.0,5834.0,8768.0,9792.0,10207.0
4405,240514,Central Wyoming College,2,2080.0,3467.0,5551.0,7302.0,7077.0
4406,240596,Eastern Wyoming College,2,3900.0,3325.0,6869.0,8760.0,10251.0
4407,240620,Laramie County Community College,2,4895.0,4851.0,6635.0,7912.0,8491.0
4408,240657,Northwest College,2,2602.0,3785.0,5740.0,7412.0,7103.0
4409,240666,Northern Wyoming Community College District,2,2990.0,3133.0,4750.0,6093.0,4949.0
4410,240693,Western Wyoming Community College,2,4893.0,6271.0,6704.0,7805.0,7971.0
4413,240727,University of Wyoming,4,9019.0,9714.0,10888.0,11293.0,11076.0
4494,243665,University of the Virgin Islands,4,8145.0,8408.0,11718.0,13590.0,13774.0
4496,243780,Purdue University-Main Campus,4,7020.0,8937.0,13585.0,18129.0,19140.0
4506,244437,Georgia State University-Perimeter College,2,4000.0,5041.0,7100.0,9154.0,9551.0
4538,246354,Palo Alto College,2,2154.0,3577.0,5595.0,8253.0,8426.0
4553,247603,Sussex County Community College,2,4994.0,5781.0,8902.0,11454.0,11434.0
4558,247834,Collin County Community College District,2,2649.0,4133.0,6602.0,8177.0,8313.0
4560,247940,Owensboro Community and Technical College,2,4137.0,4417.0,8189.0,9921.0,9421.0
4596,251260,Southern Union State Community College,2,4866.0,6097.0,8563.0,10409.0,10428.0
4627,262031,St Charles Community College,2,1673.0,2703.0,4597.0,5851.0,6319.0
4629,262129,New College of Florida,3,3453.0,5818.0,9259.0,10858.0,11584.0
4657,364016,Paradise Valley Community College,2,6729.0,8334.0,10676.0,11844.0,11922.0
4658,364025,Chandler-Gilbert Community College,2,6322.0,7614.0,9881.0,11170.0,11228.0
4703,366252,Pennsylvania College of Technology,3,17585.0,18804.0,21550.0,22733.0,22752.0
4709,366395,Suffolk County Community College,2,5082.0,6909.0,6859.0,7884.0,8448.0
4725,366711,California State University-San Marcos,4,6240.0,8969.0,11976.0,16663.0,17237.0
4746,367459,NorthWest Arkansas Community College,2,10102.0,11092.0,13661.0,15158.0,15482.0
4902,377555,University of Washington-Bothell Campus,4,4190.0,6181.0,9689.0,15697.0,16277.0
4903,377564,University of Washington-Tacoma Campus,4,5059.0,5483.0,10000.0,16135.0,16969.0
4925,380368,Fond du Lac Tribal and Community College,2,11694.0,12585.0,13950.0,16694.0,16676.0
4975,383190,Hawaii Community College,2,6369.0,6989.0,8762.0,9394.0,10333.0
4996,384333,Estrella Mountain Community College,2,6177.0,7367.0,9433.0,10922.0,11141.0
4997,384342,Heartland Community College,2,4014.0,4629.0,6900.0,8208.0,8899.0
4998,384360,Georgia Military College - Augusta,2,11076.0,11480.0,12051.0,12148.0,12432.0
4999,384379,Georgia Military College - Valdosta,2,9492.0,9913.0,10468.0,10540.0,10835.0
5000,384388,Georgia Military College - Atlanta,2,10456.0,10894.0,11469.0,11514.0,11827.0
5001,384397,Georgia Military College - Robins,2,10021.0,10412.0,11021.0,11135.0,11414.0
5063,403478,Lincoln Trail College,2,313.0,1081.0,2720.0,2853.0,2936.0
5074,404426,Coconino Community College,2,8277.0,9560.0,12149.0,13378.0,13026.0
5153,408394,Texas State Technical College-Marshall,2,10912.0,11383.0,11582.0,11236.0,12046.0
5171,409698,California State University-Monterey Bay,4,5428.0,8846.0,12419.0,17297.0,17777.0
5234,414911,Pennsylvania Highlands Community College,2,4591.0,4630.0,8088.0,9384.0,8502.0
5386,420398,Northwest Vista College,2,3289.0,4626.0,6540.0,9189.0,9226.0
5389,420440,York County Community College,2,6048.0,9372.0,10327.0,11476.0,11790.0
5394,420538,Arkansas State University-Mountain Home,2,12108.0,13920.0,11846.0,12294.0,13845.0
5423,423476,Georgia Military College - Columbus,2,10412.0,10867.0,11549.0,11322.0,11322.0
5458,428392,Klamath Community College,2,4952.0,5209.0,8715.0,10805.0,10805.0
5561,433660,Florida Gulf Coast University,4,9114.0,10870.0,14013.0,15104.0,15128.0
5591,434672,Community College of Baltimore County,2,5100.0,6130.0,8330.0,9980.0,10232.0
5619,436304,River Parishes Community College,2,5401.0,6340.0,9395.0,10215.0,10215.0
5635,436818,University of Connecticut-Waterbury Campus,0,3152.0,4420.0,7819.0,10893.0,11571.0
5636,436827,University of Connecticut-Avery Point,0,3127.0,4665.0,8783.0,11283.0,11346.0
5637,436836,University of Connecticut-Stamford,0,3151.0,5682.0,9543.0,10447.0,11464.0
5642,437103,Baton Rouge Community College,2,7644.0,8016.0,8655.0,8635.0,8059.0
5689,438708,Eastern West Virginia Community and Technical College,2,7153.0,7287.0,9824.0,12010.0,12010.0
5766,440244,Ivy Tech Community College-Bloominton,2,10355.0,11408.0,14278.0,15534.0,15716.0
5776,440402,Arkansas State University-Newport,2,4997.0,5434.0,7162.0,6590.0,8574.0
5870,441900,Nevada State College,3,7290.0,8757.0,11352.0,12512.0,12512.0
5873,441937,California State University-Channel Islands,4,8352.0,11954.0,14698.0,17788.0,19058.0
5928,442833,Utah State University-Regional Campuses and Distance Education,2,8427.0,8726.0,7908.0,10765.0,11500.0
5970,443492,Pierpont Community and Technical College,2,7618.0,9264.0,12544.0,13727.0,13856.0
6081,445009,Montgomery County Community College-West Campus,2,5194.0,6423.0,9016.0,10490.0,10646.0
6091,445188,University of California-Merced,4,7489.0,8574.0,11995.0,19672.0,24607.0
6218,446774,Blue Ridge Community and Technical College,2,7882.0,6223.0,9056.0,12642.0,12642.0
6272,447582,New River Community and Technical College,2,7010.0,10213.0,10711.0,10218.0,10251.0
6279,447689,Georgia Gwinnett College,3,6033.0,7346.0,10467.0,11902.0,11941.0
6374,448840,University of South Florida-St Petersburg,4,3814.0,6218.0,10585.0,12815.0,12926.0
6901,456959,University of Minnesota-Rochester,0,3653.0,4844.0,11644.0,16665.0,18661.0
