,UNITID,INSTNM,ADM_RATE,ACTCM25,SAT_AVG,NPT42_PUB,COSTT4_A,PFTFAC,RET_FT4,PCTFLOAN,TRANS_4
0,100654,Alabama A & M University,0.8738,16.0,849.0,15491.0,22667.0,0.7354,0.5769,0.7667,0.3765
1,100663,University of Alabama at Birmingham,0.5814,21.0,1125.0,15385.0,22684.0,0.8918,0.8161,0.5179,0.2433
3,100706,University of Alabama in Huntsville,0.7628,25.0,1257.0,18016.0,22059.0,0.6374,0.8255,0.4312,0.2983
4,100724,Alabama State University,0.4589999999999999,15.0,825.0,15140.0,19242.0,0.6368,0.6262,0.8113,0.0
5,100751,The University of Alabama,0.5259,23.0,1202.0,20013.0,28422.0,0.7378,0.8627,0.4007,0.2104
8,100830,Auburn University at Montgomery,0.7659,19.0,1009.0,14114.0,19255.0,0.9585,0.6667,0.5565,0.5389
9,100858,Auburn University,0.8054,24.0,1217.0,20770.0,29794.0,0.8707,0.9101,0.3279,0.1791
27,101480,Jacksonville State University,0.5308,20.0,1062.0,16706.0,20750.0,0.6632,0.7845,0.6435,0.0
33,101587,University of West Alabama,0.531,18.0,969.0,12606.0,18533.0,0.5363,0.6571,0.6846,0.3366
38,101709,University of Montevallo,0.6542,20.0,1069.0,17561.0,24599.0,0.696,0.7325,0.5722,0.2894
40,101879,University of North Alabama,0.5574,19.0,1028.0,10245.0,16601.0,0.9965,0.7506,0.7009,0.3101
51,102094,University of South Alabama,0.805,20.0,1067.0,12852.0,19511.0,0.612,0.732,0.5622,0.3445
57,102368,Troy University,0.9125,18.0,992.0,12747.0,18404.0,0.3961,0.743,0.6116,0.0845
63,102614,University of Alaska Fairbanks,0.7347,19.0,1060.0,7121.0,16694.0,0.6161,0.7545,0.2263,0.2166
79,104151,Arizona State University-Tempe,0.825,22.0,1147.0,8302.0,23931.0,0.9201,0.8588,0.4095,0.0
123,106245,University of Arkansas at Little Rock,0.8983,19.0,1029.0,12761.0,21392.0,0.9847,0.6843,0.4446,0.3529
131,106397,University of Arkansas,0.632,23.0,1170.0,13122.0,21817.0,0.8822,0.8244,0.3905,0.0
132,106412,University of Arkansas at Pine Bluff,0.4193,16.0,894.0,7731.0,16319.0,0.8133,0.703,0.6578,0.2051
134,106458,Arkansas State University-Main Campus,0.7040000000000001,21.0,1090.0,11111.0,20872.0,0.7518,0.75,0.5281,0.3412
140,106704,University of Central Arkansas,0.8978,20.0,1082.0,11555.0,20052.0,0.7622,0.7281,0.5051,0.3736
151,107071,Henderson State University,0.6611,19.0,1030.0,15269.0,20331.0,0.9896,0.6011,0.4989,0.4028
181,107983,Southern Arkansas University Main Campus,0.6913,18.0,989.0,10991.0,20696.0,0.6269,0.6552,0.495,0.2613
219,110422,California Polytechnic State University-San Luis Obispo,0.2949,26.0,1270.0,13050.0,25300.0,0.6693,0.9497,0.3293,0.0223
223,110510,California State University-San Bernardino,0.5814,16.0,877.0,4895.0,15988.0,0.5005,0.8526,0.4046,0.0177
224,110529,California State Polytechnic University-Pomona,0.5916,20.0,1045.0,9894.0,21223.0,0.5004,0.8904,0.3604,0.0281
225,110538,California State University-Chico,0.6525,19.0,997.0,10723.0,22417.0,0.5464,0.8578,0.4657,0.0356
227,110556,California State University-Fresno,0.5354,16.0,907.0,4524.0,16078.0,0.5255,0.7859999999999999,0.3156,0.0244
228,110565,California State University-Fullerton,0.4823,19.0,1017.0,5855.0,17049.0,0.4878,0.8866,0.3006,0.0339
230,110583,California State University-Long Beach,0.3189,20.0,1052.0,7917.0,18192.0,0.4841,0.8984,0.3695,0.0161
231,110592,California State University-Los Angeles,0.637,15.0,870.0,4248.0,13385.0,0.4235,0.7903,0.3262,0.0313
232,110608,California State University-Northridge,0.4824,16.0,918.0,5324.0,16591.0,0.4394,0.7738,0.3273,0.0918
233,110617,California State University-Sacramento,0.7194,17.0,937.0,6638.0,18535.0,0.4478,0.8146,0.3651,0.04
234,110635,University of California-Berkeley,0.1693,31.0,1422.0,9522.0,34924.0,0.7255,0.9684,0.26,0.0
235,110644,University of California-Davis,0.4228,25.0,1218.0,10813.0,33904.0,0.8426,0.9293,0.3683,0.0
236,110653,University of California-Irvine,0.4065,24.0,1206.0,10338.0,31198.0,0.8053,0.9213,0.3999,0.0851
237,110662,University of California-Los Angeles,0.1799,28.0,1334.0,9093.0,33078.0,0.6979,0.9686,0.3429,0.0225
238,110671,University of California-Riverside,0.6634,21.0,1078.0,9639.0,31494.0,0.8583,0.9112,0.5163,0.1939
239,110680,University of California-San Diego,0.3566,27.0,1324.0,9541.0,31043.0,0.8390000000000001,0.9538,0.3534,0.0
241,110705,University of California-Santa Barbara,0.3577,27.0,1281.0,11076.0,34998.0,0.8409,0.9253,0.3881,0.0
242,110714,University of California-Santa Cruz,0.5785,25.0,1201.0,11319.0,34608.0,0.6865,0.9019,0.5065,0.0516
335,115755,Humboldt State University,0.7709,18.0,983.0,11248.0,23139.0,0.5339,0.7064,0.5504,0.0733
456,122409,San Diego State University,0.3464,23.0,1132.0,10735.0,22056.0,0.5287,0.888,0.318,0.0234
460,122597,San Francisco State University,0.682,18.0,979.0,11085.0,22396.0,0.5086,0.8,0.3565,0.064
468,122755,San Jose State University,0.5344,20.0,1039.0,11577.0,22780.0,0.4024,0.8735,0.327,0.0356
491,123572,Sonoma State University,0.7627,19.0,990.0,13010.0,24000.0,0.4487,0.7958,0.3929,0.0621
531,126182,Adams State University,0.9857,17.0,933.0,12552.0,21026.0,0.4823,0.6098,0.5362,0.1927
536,126562,University of Colorado Denver/Anschutz Medical Campus,0.6052,21.0,1077.0,11945.0,20306.0,0.6424,0.7113,0.3254,0.0
537,126580,University of Colorado Colorado Springs,0.9286,20.0,1069.0,12548.0,21038.0,0.5363,0.6928,0.4589999999999999,0.366
539,126614,University of Colorado Boulder,0.7662,25.0,1229.0,17104.0,31393.0,0.6629999999999999,0.8585,0.2984,0.2046
546,126775,Colorado School of Mines,0.4035,29.0,1354.0,18603.0,31226.0,0.8556,0.9222,0.4154,0.0721
548,126818,Colorado State University-Fort Collins,0.7796,23.0,1159.0,11474.0,24885.0,0.6805,0.8628,0.4481,0.093
558,127185,Fort Lewis College,0.9212,19.0,1014.0,14254.0,24298.0,0.9474,0.6519,0.4621,0.3892
565,127556,Colorado Mesa University,0.8275,18.0,989.0,15060.0,19224.0,0.5375,0.7327,0.5259,0.3063
566,127565,Metropolitan State University of Denver,0.6387,17.0,951.0,11226.0,18017.0,1.0,0.6466,0.4528,0.3481
572,127741,University of Northern Colorado,0.9027,19.0,1031.0,17507.0,21640.0,0.6139,0.7067,0.5171,0.3715
582,128106,Colorado State University-Pueblo,0.9638,18.0,969.0,11360.0,19561.0,0.5322,0.6614,0.7036,0.1914
589,128391,Western Colorado University,0.9188,19.0,1026.0,14094.0,21431.0,0.7069,0.6853,0.4905,0.1632
598,128771,Central Connecticut State University,0.6001,19.0,1000.0,13317.0,21706.0,0.4824,0.7765,0.5784,0.0
603,129020,University of Connecticut,0.488,26.0,1248.0,12129.0,29128.0,0.7089,0.9207,0.4743,0.1284
636,130493,Southern Connecticut State University,0.6352,18.0,933.0,15037.0,21029.0,0.4618,0.7683,0.61,0.254
649,130934,Delaware State University,0.4065,17.0,898.0,11105.0,21177.0,0.6852,0.7272,0.6964,0.0
650,130943,University of Delaware,0.695,22.0,1170.0,12038.0,24557.0,0.9759,0.915,0.5118,0.0
680,132903,University of Central Florida,0.4999,24.0,1179.0,13493.0,21168.0,0.9757,0.888,0.4297,0.0355
690,133650,Florida Agricultural and Mechanical University,0.3111,19.0,1001.0,13035.0,20231.0,0.9939,0.8322,0.6745,0.0052
691,133669,Florida Atlantic University,0.5978,20.0,1047.0,11092.0,18992.0,0.6701,0.7717,0.3789,0.0512
701,133951,Florida International University,0.5007,23.0,1130.0,12433.0,18873.0,0.9854,0.8798,0.4512,0.0115
707,134097,Florida State University,0.5801,25.0,1214.0,12150.0,21938.0,0.843,0.9258,0.4234,0.0319
709,134130,University of Florida,0.4594,27.0,1287.0,7227.0,20571.0,0.8383,0.9677,0.2875,0.0161
750,136172,University of North Florida,0.6453,21.0,1110.0,9972.0,20926.0,0.7778,0.7956,0.384,0.0722
780,137351,University of South Florida-Main Campus,0.4663,24.0,1172.0,9076.0,19652.0,0.7795,0.8992,0.4495,0.0303
800,138354,The University of West Florida,0.4083,21.0,1070.0,9061.0,17219.0,1.0,0.7365,0.6768,0.0528
805,138558,Abraham Baldwin Agricultural College,0.6561,17.0,932.0,7278.0,13171.0,0.6865,0.6387,0.4315,0.2226
811,138716,Albany State University,0.4967,17.0,899.0,11749.0,19126.0,0.8298,0.6688,0.7509,0.2288
813,138789,Armstrong State University,0.8038,19.0,987.0,17898.0,25433.0,0.6272,0.7405,0.5598,0.267
829,139250,College of Coastal Georgia,0.9521,16.0,896.0,10081.0,15763.0,0.5022,0.5722,0.4337,0.1232
835,139366,Columbus State University,0.5316,17.0,963.0,11182.0,18465.0,0.5934,0.7257,0.5776,0.1681
845,139719,Fort Valley State University,0.2645,10.0,855.0,12543.0,19486.0,0.9072,0.7463,0.8601,0.2274
847,139755,Georgia Institute of Technology-Main Campus,0.2577,30.0,1417.0,8943.0,25616.0,0.889,0.9734,0.2837,0.0288
848,139764,Georgia Southwestern State University,0.6818,19.0,975.0,11541.0,19297.0,0.7471,0.6952,0.5807,0.3277
849,139861,Georgia College & State University,0.8452,22.0,1116.0,16491.0,26856.0,0.8322,0.8512,0.4423,0.302
850,139931,Georgia Southern University,0.6455,22.0,1110.0,14481.0,22417.0,0.9077,0.8082,0.6045,0.3514
851,139940,Georgia State University,0.5884,20.0,1070.0,13663.0,24223.0,0.7588,0.8288,0.5562,0.1865
852,139959,University of Georgia,0.539,26.0,1262.0,11562.0,24991.0,0.9088,0.952,0.3646,0.0664
853,139968,Gordon State College,0.5433,15.0,853.0,12864.0,18449.0,0.6372,0.6164,0.5566,0.2999
875,140960,Savannah State University,0.5078,16.0,823.0,10400.0,16542.0,0.8846,0.5961,0.8039,0.2088
884,141264,Valdosta State University,0.6513,19.0,982.0,13691.0,21191.0,0.7512,0.7095,0.6306,0.3406
886,141334,University of West Georgia,0.5909,18.0,945.0,13954.0,21242.0,0.8135,0.7234,0.6354,0.2158
889,141565,University of Hawaii at Hilo,0.691,18.0,978.0,9764.0,19087.0,0.7126,0.7089,0.45,0.0
890,141574,University of Hawaii at Manoa,0.8498,20.0,1075.0,11735.0,22153.0,0.7651,0.7662,0.3693,0.0
905,142115,Boise State University,0.8173,20.0,1047.0,12134.0,18298.0,0.5646,0.7817,0.4091,0.2577
908,142285,University of Idaho,0.7589,21.0,1070.0,12476.0,20045.0,0.8219,0.7754,0.4722,0.2458
910,142328,Lewis-Clark State College,0.9715,18.0,937.0,9810.0,15475.0,0.9892,0.5787,0.5904,0.2634
947,144005,Chicago State University,0.5788,16.0,883.0,15451.0,21509.0,1.0,0.5247,0.8527,0.4761
967,144892,Eastern Illinois University,0.4688,18.0,990.0,11695.0,22957.0,0.8292,0.713,0.6379,0.314
985,145600,University of Illinois at Chicago,0.7359,21.0,1105.0,10663.0,25131.0,0.6864,0.7995,0.4714,0.297
988,145637,University of Illinois at Urbana-Champaign,0.6007,26.0,1320.0,11108.0,29764.0,0.7337,0.9352,0.3584,0.0
995,145813,Illinois State University,0.8888,21.0,1090.0,14783.0,27421.0,0.78,0.8107,0.5797,0.0
1046,147703,Northern Illinois University,0.5184,19.0,1030.0,17828.0,28725.0,0.7493,0.7306,0.6478,0.0
1049,147776,Northeastern Illinois University,0.7101,16.0,870.0,15744.0,23097.0,0.5734,0.5524,0.2985,0.3996
1073,148654,University of Illinois at Springfield,0.653,20.0,1067.0,9874.0,23469.0,0.6197,0.7348,0.4862,0.0
1085,149222,Southern Illinois University-Carbondale,0.7665,19.0,1029.0,14737.0,26868.0,0.8219,0.6427,0.5911,0.0
1086,149231,Southern Illinois University-Edwardsville,0.893,20.0,1068.0,13466.0,21538.0,0.7095,0.7241,0.5746,0.3942
1098,149772,Western Illinois University,0.5945,18.0,970.0,14156.0,25280.0,0.9203,0.6917,0.698,0.3412
1103,150136,Ball State University,0.6225,20.0,1057.0,11203.0,23157.0,0.8061,0.8116,0.5865,0.2557
1126,151102,Purdue University Fort Wayne,0.9326,18.0,976.0,8987.0,18010.0,0.9548,0.606,0.3782,0.0
1127,151111,Indiana University-Purdue University-Indianapolis,0.7397,19.0,1025.0,7994.0,20451.0,0.5868,0.7422,0.5173,0.2542
1131,151306,University of Southern Indiana,0.9189,19.0,1005.0,9545.0,17692.0,0.5654,0.7027,0.4726,0.3836
1132,151324,Indiana State University,0.8588,16.0,907.0,9283.0,20140.0,0.7646,0.642,0.5901,0.0
1133,151333,Indiana University-Kokomo,0.6913,18.0,938.0,6841.0,16331.0,0.5356,0.632,0.3905,0.2783
1134,151342,Indiana University-South Bend,0.7703,18.0,952.0,6810.0,16584.0,0.5974,0.6432,0.3807,0.2637
1135,151351,Indiana University-Bloomington,0.7872,24.0,1200.0,6901.0,24432.0,0.8702,0.9101,0.3071,0.1214
1136,151360,Indiana University-Northwest,0.758,18.0,939.0,6124.0,14022.0,0.4853,0.6508,0.3895,0.3227
1137,151379,Indiana University-Southeast,0.8401,17.0,943.0,8916.0,16760.0,0.9956,0.624,0.436,0.2963
1138,151388,Indiana University-East,0.6028,18.0,949.0,6821.0,15715.0,0.3712,0.6686,0.3928,0.3545
1157,152248,Purdue University-Calumet Campus,0.5868,18.0,978.0,8157.0,16667.0,0.9693,0.6531,0.39,0.0
1158,152266,Purdue University-North Central Campus,0.4992,19.0,968.0,5644.0,14017.0,0.964,0.5254,0.2834,0.0
1210,153603,Iowa State University,0.8749,22.0,1144.0,9697.0,19182.0,0.8444,0.8809,0.4995,0.1753
1213,153658,University of Iowa,0.8411,23.0,1165.0,9753.0,21010.0,0.8498,0.8706,0.4182,0.2127
1228,154095,University of Northern Iowa,0.8256,20.0,1050.0,13155.0,19751.0,0.8109999999999999,0.8586,0.5611,0.1422
1270,155025,Emporia State University,0.8743,19.0,1029.0,11317.0,17347.0,0.9179,0.7141,0.5541,0.3653
1287,155317,University of Kansas,0.9301,23.0,1185.0,14951.0,23687.0,0.8025,0.8086,0.435,0.305
1303,155681,Pittsburg State University,0.8734,19.0,1010.0,11432.0,17292.0,0.7738,0.7451,0.5738,0.0
1313,156125,Wichita State University,0.8623,21.0,1102.0,18233.0,18646.0,0.9497,0.7236,0.5085,0.2976
1332,156620,Eastern Kentucky University,0.8633,20.0,1049.0,9497.0,19584.0,0.5709,0.7403,0.5513,0.0
1345,157058,Kentucky State University,0.49,17.0,907.0,6905.0,17874.0,0.976,0.5954,0.6301,0.4534
1347,157085,University of Kentucky,0.9079,22.0,1159.0,13914.0,26143.0,0.8290000000000001,0.8172,0.4348,0.0
1352,157289,University of Louisville,0.7257,22.0,1165.0,13084.0,24768.0,0.6645,0.7967,0.3981,0.0
1357,157386,Morehead State University,0.8556,20.0,1066.0,9869.0,19454.0,0.8182,0.7082,0.4718,0.0
1358,157401,Murray State University,0.8535,21.0,1101.0,8708.0,17948.0,0.7335,0.7421,0.4614,0.0
1360,157447,Northern Kentucky University,0.9109,20.0,1066.0,6310.0,16855.0,0.9779,0.7191,0.4958,0.0
1380,157951,Western Kentucky University,0.9402,19.0,1044.0,14345.0,18309.0,0.6738,0.7281,0.4529,0.2958
1398,159009,Grambling State University,0.4514,16.0,874.0,17710.0,24632.0,1.0,0.6019,0.9292,0.0
1404,159382,Louisiana State University-Alexandria,0.3332,18.0,969.0,7387.0,13520.0,0.5576,0.557,0.3985,0.3453
1405,159391,Louisiana State University and Agricultural & Mechanical College,0.7639,23.0,1162.0,10875.0,24441.0,0.9079,0.8279,0.3666,0.0
1407,159416,Louisiana State University-Shreveport,0.8857,20.0,1048.0,8713.0,17043.0,0.6392,0.6052,0.3841,0.0
1413,159647,Louisiana Tech University,0.6319,21.0,1105.0,7755.0,18954.0,0.8358,0.8059999999999999,0.2932,0.298
1415,159717,McNeese State University,0.637,20.0,1027.0,9011.0,17940.0,1.0,0.6622,0.3803,0.2486
1416,159939,University of New Orleans,0.6005,20.0,1034.0,8708.0,18164.0,0.6934,0.6409,0.3301,0.0
1418,159966,Nicholls State University,0.8266,20.0,1030.0,9322.0,18549.0,1.0,0.7013,0.5077,0.2042
1419,159993,University of Louisiana at Monroe,0.7613,20.0,1057.0,8924.0,18491.0,1.0,0.7355,0.4643,0.0
1422,160038,Northwestern State University of Louisiana,0.618,19.0,1006.0,13515.0,20263.0,0.9848,0.7001,0.4797,0.0
1437,160612,Southeastern Louisiana University,0.873,19.0,1010.0,10200.0,18397.0,0.8246,0.6248,0.3891,0.3471
1438,160621,Southern University and A & M College,0.9879,20.0,1080.0,12950.0,19955.0,1.0,0.6194,0.8059,0.0
1439,160630,Southern University at New Orleans,0.1154,16.0,850.0,11476.0,11515.0,0.7107,0.4724,0.6615,0.0
1441,160658,University of Louisiana at Lafayette,0.511,21.0,1089.0,9114.0,18910.0,0.7758,0.7466,0.3783,0.0
1459,161235,University of Maine at Fort Kent,0.815,16.0,890.0,11558.0,18248.0,0.4762,0.7474,0.3554,0.281
1461,161253,University of Maine,0.8975,21.0,1073.0,12509.0,22904.0,0.6935,0.757,0.6151,0.268
1462,161299,Maine Maritime Academy,0.7551,21.0,1042.0,17234.0,26445.0,0.6970000000000001,0.8592,0.8143,0.0043
1471,161554,University of Southern Maine,0.8025,19.0,984.0,11998.0,21508.0,0.3868,0.6254,0.5186,0.363
1483,161873,University of Baltimore,0.4942,20.0,924.0,16275.0,23143.0,0.4742,0.7226,0.5489999999999999,0.3097
1484,162007,Bowie State University,0.4126,15.0,856.0,12978.0,20885.0,0.4933,0.7513,0.6419,0.2632
1490,162283,Coppin State University,0.3961,15.0,829.0,13382.0,17039.0,0.4944,0.6116,0.6608,0.2329
1494,162584,Frostburg State University,0.6272,18.0,970.0,12096.0,20568.0,0.6832,0.7669,0.595,0.2743
1510,163268,University of Maryland-Baltimore County,0.5683,24.0,1216.0,15946.0,23818.0,0.6857,0.8717,0.4041,0.2163
1511,163286,University of Maryland-College Park,0.4806,29.0,1337.0,10573.0,24041.0,0.7803,0.9472,0.3398,0.0438
1513,163338,University of Maryland Eastern Shore,0.3839,17.0,872.0,14905.0,21739.0,0.6824,0.5796,0.6742,0.2532
1517,163453,Morgan State University,0.603,16.0,894.0,15760.0,23279.0,0.6762,0.7049,0.7234,0.1631
1527,163912,St. Mary's College of Maryland,0.7997,23.0,1140.0,10377.0,28326.0,0.7653,0.8651,0.6511,0.237
1530,164076,Towson University,0.7374,21.0,1070.0,12151.0,23278.0,0.5477,0.8523,0.4788,0.2118
1561,165024,Bridgewater State University,0.8096,19.0,992.0,17351.0,21344.0,1.0,0.7971,0.6802,0.0
1583,165820,Fitchburg State University,0.7465,18.0,990.0,11971.0,19645.0,0.5085,0.7490000000000001,0.6686,0.1026
1584,165866,Framingham State University,0.6481,20.0,995.0,14485.0,23139.0,0.6106,0.7402,0.6382,0.3268
1600,166513,University of Massachusetts-Lowell,0.6057,24.0,1172.0,13180.0,26318.0,0.5305,0.8479,0.5273,0.0
1603,166629,University of Massachusetts-Amherst,0.5968,25.0,1234.0,10975.0,28000.0,0.792,0.9127,0.5713,0.177
1604,166638,University of Massachusetts-Boston,0.6852,21.0,1073.0,10411.0,21884.0,0.5802,0.7949,0.5317,0.3449
1607,166674,Massachusetts College of Art and Design,0.7087,21.0,1069.0,18460.0,27638.0,0.8806,0.8973,0.5317,0.0
1609,166692,Massachusetts Maritime Academy,0.8048,20.0,1052.0,6609.0,23454.0,0.6103,0.8707,0.7568,0.0
1629,167288,Massachusetts College of Liberal Arts,0.7709999999999999,20.0,1015.0,12687.0,21680.0,0.5562,0.7881,0.7557,0.0
1643,167729,Salem State University,0.7358,19.0,992.0,14355.0,22626.0,0.989,0.7911,0.6276,0.0
1651,167987,University of Massachusetts-Dartmouth,0.7602,20.0,1025.0,13747.0,25410.0,0.6651,0.7342,0.6932,0.3647
1659,168263,Westfield State University,0.7792,19.0,992.0,12416.0,21411.0,0.4487,0.7736,0.637,0.0
1664,168430,Worcester State University,0.7056,21.0,1016.0,16581.0,20892.0,0.4941,0.7786,0.541,0.2528
1681,169248,Central Michigan University,0.7156,20.0,1049.0,11621.0,22778.0,0.6697,0.7759,0.7171,0.0
1697,169798,Eastern Michigan University,0.7288,19.0,1030.0,12618.0,21828.0,0.9903,0.7487,0.6957,0.0
1699,169910,Ferris State University,0.7769,19.0,1030.0,11040.0,21635.0,0.6238,0.7456,0.6044,0.3026
1707,170082,Grand Valley State University,0.8168,21.0,1089.0,11956.0,21534.0,0.6593,0.8402,0.6175,0.1696
1719,170639,Lake Superior State University,0.6897,20.0,1048.0,8672.0,20709.0,0.9292,0.7156,0.5601,0.0519
1727,170976,University of Michigan-Ann Arbor,0.2859,29.0,1386.0,5878.0,27725.0,0.8159,0.9686,0.2989,0.0
1729,171100,Michigan State University,0.6574,24.0,1194.0,12416.0,25809.0,0.8663,0.9147,0.4363,0.1277
1730,171128,Michigan Technological University,0.7644,25.0,1242.0,9557.0,26587.0,0.9024,0.8284,0.5685,0.2054
1731,171137,University of Michigan-Dearborn,0.6471,22.0,1125.0,9344.0,18832.0,0.5699,0.7414,0.6226,0.0
1732,171146,University of Michigan-Flint,0.6519,19.0,1050.0,11225.0,19729.0,0.5636,0.6837,0.5693,0.0
1740,171456,Northern Michigan University,0.7587,19.0,1024.0,9218.0,19788.0,0.6940000000000001,0.7509999999999999,0.6038,0.0
1745,171571,Oakland University,0.8635,20.0,1082.0,9033.0,20502.0,0.511,0.7496,0.5217,0.091
1753,172051,Saginaw Valley State University,0.7587,20.0,1050.0,13022.0,19377.0,0.4807,0.6718,0.6073,0.0
1767,172644,Wayne State University,0.8146,20.0,1086.0,10194.0,22276.0,0.5519,0.8155,0.5449,0.3783
1770,172699,Western Michigan University,0.8231,19.0,1030.0,14731.0,23598.0,0.6313,0.7859,0.6359,0.3174
1781,173124,Bemidji State University,0.6408,20.0,1030.0,10895.0,19540.0,0.6192,0.7157,0.5677,0.3841
1809,173920,Minnesota State University-Mankato,0.6249,20.0,1029.0,11624.0,18844.0,0.6616,0.7265,0.5639,0.3297
1815,174066,University of Minnesota-Twin Cities,0.4441,26.0,1288.0,8246.0,25370.0,0.8222,0.9303,0.412,0.1356
1816,174075,University of Minnesota-Crookston,0.6817,20.0,1026.0,8084.0,22641.0,0.9,0.7566,0.3773,0.3279999999999999
1822,174233,University of Minnesota-Duluth,0.7655,22.0,1110.0,8184.0,23611.0,0.8447,0.7836,0.556,0.2962
1823,174251,University of Minnesota-Morris,0.5806,22.0,1145.0,3787.0,23319.0,0.96,0.7759,0.4617,0.2392
1825,174358,Minnesota State University Moorhead,0.5961,20.0,1049.0,11671.0,19628.0,0.5829,0.7612,0.5924,0.3714
1840,174783,Saint Cloud State University,0.8509,18.0,991.0,11549.0,18750.0,0.6618,0.6913,0.4577,0.3664
1851,175078,Southwest Minnesota State University,0.5419,18.0,967.0,11594.0,19703.0,0.4806,0.6921,0.2137,0.3478
1858,175272,Winona State University,0.5975,20.0,1049.0,13481.0,21334.0,0.6638,0.7738,0.614,0.3153
1861,175342,Alcorn State University,0.7844,16.0,892.0,21014.0,21664.0,0.7634,0.7207,0.7905,0.0
1869,175616,Delta State University,0.8941,19.0,1028.0,10695.0,18317.0,0.6496,0.6739,0.5711,0.0
1877,175856,Jackson State University,0.6332,17.0,911.0,13242.0,21670.0,0.6297,0.7070000000000001,0.7069,0.0
1882,176017,University of Mississippi,0.7829999999999999,22.0,1155.0,13426.0,23372.0,0.8131,0.853,0.4307,0.0
1883,176035,Mississippi University for Women,0.988,18.0,1021.0,10582.0,17193.0,0.6739,0.5923,0.5599,0.0
1884,176044,Mississippi Valley State University,0.8445,15.0,825.0,12394.0,20347.0,0.7062,0.6043,0.8157,0.0
1888,176080,Mississippi State University,0.5567,21.0,1125.0,13684.0,22818.0,0.8743,0.8024,0.4887,0.0
1895,176372,University of Southern Mississippi,0.6014,20.0,1070.0,11931.0,20497.0,0.7656,0.7431,0.6044,0.0
1910,176965,University of Central Missouri,0.7462,20.0,1050.0,12087.0,18808.0,1.0,0.7075,0.555,0.2697
1957,178341,Missouri Southern State University,0.9434,18.0,990.0,7813.0,14419.0,1.0,0.6148,0.5263,0.314
1960,178396,University of Missouri-Columbia,0.747,23.0,1183.0,12746.0,23962.0,0.7315,0.8568,0.4351,0.0
1961,178402,University of Missouri-Kansas City,0.6187,21.0,1126.0,14168.0,21575.0,0.6075,0.7493,0.3939,0.0
1962,178411,Missouri University of Science and Technology,0.7933,25.0,1265.0,12074.0,21698.0,0.7753,0.8290000000000001,0.4979,0.0
1963,178420,University of Missouri-St Louis,0.7062,21.0,1101.0,8965.0,22105.0,0.5172,0.7876,0.3652,0.0
1969,178615,Truman State University,0.6769,24.0,1224.0,9116.0,20555.0,0.8853,0.8734,0.4141,0.0
1970,178624,Northwest Missouri State University,0.7406,20.0,1047.0,7725.0,18226.0,0.807,0.7065,0.5509,0.3339999999999999
1995,179557,Southeast Missouri State University,0.8281,20.0,1049.0,10064.0,18248.0,1.0,0.7404,0.4557,0.0
1996,179566,Missouri State University-Springfield,0.8438,21.0,1090.0,12549.0,20296.0,0.6725,0.7909999999999999,0.4888,0.0
2023,180416,Montana Technological University,0.8893,22.0,1109.0,10391.0,17740.0,0.685,0.7587,0.4214,0.263
2024,180461,Montana State University,0.8287,21.0,1126.0,14863.0,19441.0,0.6189,0.7595,0.4238,0.0
2025,180489,The University of Montana,0.9243,20.0,1072.0,12916.0,17883.0,0.7275,0.6921,0.5098,0.0
2026,180522,Montana State University-Northern,1.0,16.0,910.0,11495.0,15669.0,0.8056,0.5926,0.5373,0.0
2044,181215,University of Nebraska at Kearney,0.8508,19.0,1028.0,13657.0,20967.0,0.7364,0.8357,0.4605,0.2091
2051,181394,University of Nebraska at Omaha,0.8648,19.0,1050.0,10024.0,17712.0,0.5046,0.774,0.4076,0.3171
2056,181464,University of Nebraska-Lincoln,0.7527,22.0,1144.0,13165.0,22535.0,0.9425,0.8221,0.3934,0.0834
2073,182281,University of Nevada-Las Vegas,0.8278,19.0,1012.0,9304.0,17131.0,1.0,0.7712,0.353,0.0
2074,182290,University of Nevada-Reno,0.8281,21.0,1088.0,12092.0,20702.0,0.95,0.8096,0.3821,0.0
2093,183044,University of New Hampshire-Main Campus,0.7586,22.0,1101.0,18705.0,31168.0,0.654,0.862,0.665,0.0
2094,183062,Keene State College,0.8253,18.0,977.0,13278.0,25060.0,0.5268,0.7535,0.5762,0.0
2095,183071,University of New Hampshire at Manchester,0.6983,22.0,1101.0,14531.0,19931.0,0.3119,0.8571,0.4911,0.0
2139,184782,Rowan University,0.7101,22.0,1125.0,16617.0,27553.0,0.3106,0.8456,0.5946,0.1616
2148,185262,Kean University,0.7440000000000001,17.0,921.0,15700.0,24367.0,0.2364,0.7275,0.6185,0.3068
2161,185828,New Jersey Institute of Technology,0.593,23.0,1204.0,14801.0,29143.0,0.5856,0.8759999999999999,0.4472,0.2693
2170,186201,Ramapo College of New Jersey,0.5326,21.0,1082.0,14894.0,27821.0,1.0,0.861,0.5492,0.0
2186,186876,Stockton University,0.7694,19.0,1052.0,13609.0,27490.0,0.5324,0.8619,0.6454,0.0932
2190,187134,The College of New Jersey,0.4886,25.0,1211.0,13923.0,32421.0,0.4314,0.938,0.5198,0.1063
2199,187648,Eastern New Mexico University-Main Campus,0.5731,17.0,944.0,8909.0,16948.0,0.6947,0.5874,0.3142,0.0
2206,187967,New Mexico Institute of Mining and Technology,0.2345,23.0,1195.0,10740.0,19956.0,0.6445,0.7692,0.4644,0.0
2208,187985,University of New Mexico-Main Campus,0.5778,19.0,1038.0,13006.0,17443.0,0.7054,0.8013,0.3867,0.0
2212,188030,New Mexico State University-Main Campus,0.5961,18.0,982.0,8803.0,17053.0,0.7555,0.7157,0.3808,0.0
2457,196006,SUNY College of Technology at Alfred,0.7199,19.0,960.0,12811.0,22556.0,0.7293,0.6926,0.7194,0.3013
2458,196015,SUNY College of Technology at Canton,0.8257,17.0,918.0,11206.0,20980.0,0.5526,0.7143,0.7373,0.3101
2460,196033,SUNY College of Agriculture and Technology at Cobleskill,0.7818,20.0,1011.0,13638.0,22766.0,0.5966,0.6901,0.6779999999999999,0.3497
2461,196042,Farmingdale State College,0.5802,19.0,974.0,5955.0,15256.0,0.3012,0.8063,0.3093,0.2867
2462,196051,SUNY Morrisville,0.7735,17.0,881.0,15447.0,24159.0,0.6034,0.6527,0.7082,0.3851
2463,196060,SUNY at Albany,0.5439,22.0,1087.0,14369.0,23777.0,0.5796,0.8396,0.5843,0.2711
2464,196079,Binghamton University,0.4062,28.0,1317.0,13608.0,24093.0,0.7024,0.9165,0.4556,0.1393
2465,196088,University at Buffalo,0.5938,24.0,1181.0,14156.0,24006.0,0.6163,0.8608,0.4762,0.1392
2466,196097,Stony Brook University,0.4067,26.0,1268.0,10736.0,22988.0,0.6036,0.8917,0.4149,0.1851
2467,196103,SUNY College of Environmental Science and Forestry,0.5421,23.0,1157.0,12844.0,24430.0,0.7394,0.8805,0.5567,0.1992
2468,196112,SUNY Polytechnic Institute,0.6431,24.0,1170.0,9958.0,21836.0,0.511,0.7867,0.5327,0.4146
2469,196121,SUNY College at Brockport,0.5533,20.0,1029.0,11727.0,21217.0,0.5475,0.8243,0.6858,0.2289999999999999
2470,196130,SUNY Buffalo State,0.6407,17.0,885.0,11185.0,20172.0,0.4607,0.6828,0.6357,0.3264
2471,196149,SUNY Cortland,0.5217,22.0,1073.0,14948.0,23798.0,0.4911,0.7644,0.6779999999999999,0.2276
2472,196158,SUNY at Fredonia,0.6235,22.0,1034.0,13271.0,22935.0,0.5811,0.7929999999999999,0.7211,0.3088
2473,196167,SUNY College at Geneseo,0.6685,25.0,1206.0,13773.0,23393.0,0.7039,0.8701,0.5057,0.1308
2474,196176,State University of New York at New Paltz,0.4294,23.0,1115.0,11992.0,22520.0,0.5487,0.8735,0.5301,0.208
2475,196185,SUNY Oneonta,0.5284,22.0,1082.0,12481.0,22769.0,0.5766,0.831,0.6292,0.2281
2476,196194,SUNY College at Oswego,0.5452,22.0,1102.0,12632.0,22822.0,0.6096,0.8103,0.6793,0.2794
2478,196219,SUNY at Purchase College,0.4351,20.0,1077.0,15069.0,25310.0,0.3694,0.8111,0.5119,0.247
2480,196237,SUNY College at Old Westbury,0.6859999999999999,19.0,972.0,9099.0,18627.0,0.4255,0.7876,0.447,0.2974
2481,196246,SUNY College at Plattsburgh,0.5103,21.0,1094.0,10885.0,22718.0,0.6345,0.8015,0.6208,0.2543
2484,196291,SUNY Maritime College,0.5804,23.0,1128.0,13472.0,23909.0,0.6284,0.8511,0.5134,0.2528
2501,197027,United States Merchant Marine Academy,0.203,26.0,1268.0,7638.0,8535.0,0.9328,0.9336,0.1228,0.2351
2526,197869,Appalachian State University,0.6832,23.0,1140.0,9032.0,18397.0,0.7764,0.8704,0.4719,0.13
2554,198464,East Carolina University,0.7034,20.0,1040.0,11547.0,20567.0,0.785,0.8252,0.5503,0.1938
2556,198507,Elizabeth City State University,0.5715,17.0,884.0,3119.0,13169.0,1.0,0.6779999999999999,0.7466,0.2077
2559,198543,Fayetteville State University,0.5927,17.0,888.0,5366.0,15066.0,0.9798,0.6746,0.6017,0.2272
2596,199102,North Carolina A & T State University,0.5364,18.0,939.0,9126.0,17903.0,0.6442,0.7513,0.7613,0.1882
2597,199111,University of North Carolina at Asheville,0.7593,23.0,1155.0,10225.0,18424.0,0.6903,0.782,0.4686,0.1898
2598,199120,University of North Carolina at Chapel Hill,0.2694,28.0,1338.0,6306.0,24327.0,0.7826,0.9634,0.312,0.0261
2599,199139,University of North Carolina at Charlotte,0.6203,22.0,1112.0,11154.0,19723.0,0.7078,0.8246,0.5603,0.2022
2600,199148,University of North Carolina at Greensboro,0.7393,21.0,1054.0,9634.0,18764.0,0.7562,0.7555,0.5785,0.2244
2601,199157,North Carolina Central University,0.6669,17.0,873.0,10999.0,19750.0,0.6913,0.8074,0.7936,0.2381
2602,199184,University of North Carolina School of the Arts,0.5442,22.0,1139.0,12219.0,22947.0,0.7594,0.8485,0.5935,0.0573
2603,199193,North Carolina State University at Raleigh,0.4751,26.0,1273.0,8747.0,22226.0,0.88,0.9316,0.4004,0.0948
2605,199218,University of North Carolina Wilmington,0.7175,22.0,1137.0,13188.0,21642.0,0.6945,0.8497,0.4873,0.1531
2608,199281,University of North Carolina at Pembroke,0.7356,18.0,927.0,10619.0,17625.0,0.9741,0.6719,0.6727,0.3369
2647,199999,Winston-Salem State University,0.6326,17.0,870.0,10059.0,18738.0,0.9843,0.7699,0.7153,0.2203
2648,200004,Western Carolina University,0.4069,20.0,1034.0,11506.0,19921.0,0.7262,0.7968,0.5782,0.2516
2651,200059,Dickinson State University,0.9171,18.0,1116.0,9163.0,14720.0,0.5329,0.5404,0.4397,0.2801
2660,200226,Mayville State University,0.5521,18.0,950.0,8712.0,16133.0,0.973,0.6148,0.5014,0.1923
2661,200253,Minot State University,0.5981,18.0,975.0,7387.0,15072.0,0.5014,0.7006,0.3665,0.2126
2663,200280,University of North Dakota,0.8369,21.0,1090.0,11216.0,19290.0,0.9323,0.7969,0.493,0.0
2666,200332,North Dakota State University-Main Campus,0.928,21.0,1091.0,11336.0,19602.0,0.9662,0.7964,0.5313,0.2853
2673,200572,Valley City State University,0.9812,18.0,985.0,8154.0,17348.0,0.6491,0.711,0.4679,0.2949
2679,200800,University of Akron Main Campus,0.9592,19.0,1049.0,15857.0,23039.0,0.5226,0.7292,0.537,0.3502
2697,201441,Bowling Green State University-Main Campus,0.7605,19.0,1012.0,15605.0,23423.0,0.6905,0.7595,0.6469,0.3133
2707,201690,Central State University,0.4201,15.0,801.0,13125.0,18643.0,1.0,0.3979999999999999,0.8047,0.0239
2713,201885,University of Cincinnati-Main Campus,0.7642,23.0,1164.0,18178.0,26683.0,0.5689,0.8789,0.486,0.1851
2723,202134,Cleveland State University,0.8745,19.0,1029.0,14835.0,22462.0,0.479,0.7091,0.5921,0.0
2762,203517,Kent State University at Kent,0.8536,21.0,1067.0,15541.0,24231.0,0.5504,0.8224,0.6013,0.0689
2782,204024,Miami University-Oxford,0.6538,26.0,1276.0,17107.0,29413.0,0.9951,0.9175,0.3566,0.0
2815,204796,Ohio State University-Main Campus,0.5411,27.0,1296.0,10850.0,25173.0,0.6388,0.9423,0.4141,0.0902
2820,204857,Ohio University-Main Campus,0.7485,21.0,1091.0,18259.0,27183.0,0.7144,0.815,0.5697,0.2487
2838,205443,Shawnee State University,0.7357,18.0,990.0,12527.0,19047.0,0.4936,0.7226,0.6382,0.3099
2852,206084,University of Toledo,0.9432,20.0,1070.0,14322.0,23464.0,0.6985,0.7408,0.4954,0.0
2872,206604,Wright State University-Main Campus,0.9525,18.0,1016.0,13423.0,21024.0,0.9784,0.6568,0.5322,0.0
2873,206613,Wright State University-Lake Campus,0.9881,19.0,1005.0,8236.0,13695.0,1.0,0.6977,0.3895,0.0
2875,206695,Youngstown State University,0.6745,18.0,1003.0,10212.0,17436.0,1.0,0.7503,0.589,0.0065
2885,206941,University of Central Oklahoma,0.7503,19.0,1010.0,11111.0,18226.0,1.0,0.611,0.3896,0.2926
2888,207041,East Central University,0.5777,17.0,948.0,6202.0,13380.0,0.9932,0.5196,0.3677,0.2574
2898,207263,Northeastern State University,0.9375,19.0,1010.0,7488.0,15999.0,0.6699,0.6452,0.4782,0.2763
2902,207306,Northwestern Oklahoma State University,0.4377,18.0,970.0,5493.0,14626.0,1.0,0.5727,0.409,0.2592
2907,207388,Oklahoma State University-Main Campus,0.7452,21.0,1101.0,9546.0,22059.0,0.8878,0.8082,0.411,0.1484
2912,207500,University of Oklahoma-Norman Campus,0.7084,23.0,1189.0,13884.0,25085.0,0.8361,0.9039,0.3473,0.0
2921,207722,University of Science and Arts of Oklahoma,0.4885,19.0,994.0,4065.0,17212.0,0.5952,0.6613,0.4743,0.2864
2924,207847,Southeastern Oklahoma State University,0.7733,18.0,970.0,7299.0,15342.0,1.0,0.5475,0.1784,0.2197
2926,207865,Southwestern Oklahoma State University,0.9083,18.0,990.0,9067.0,18125.0,0.9956,0.6848,0.6101,0.2641
2950,208646,Eastern Oregon University,0.9703,17.0,940.0,11929.0,20952.0,0.5588,0.7258,0.5042,0.4658
2969,209506,Oregon Institute of Technology,0.7304,21.0,1050.0,14495.0,21988.0,0.9167,0.7531,0.3893,0.0
2971,209542,Oregon State University,0.7748,22.0,1127.0,16737.0,26189.0,0.7756,0.8335,0.4702,0.2371
2972,209551,University of Oregon,0.7787,22.0,1111.0,12479.0,24209.0,0.7741,0.8688,0.3818,0.2019999999999999
2981,209807,Portland State University,0.8942,19.0,1037.0,13906.0,21532.0,0.5631,0.7427,0.4727,0.0102
2988,210146,Southern Oregon University,0.782,19.0,1020.0,6584.0,15190.0,0.5777,0.6753,0.4281,0.0
2997,210429,Western Oregon University,0.8776,17.0,953.0,12662.0,22574.0,1.0,0.7409,0.7854,0.0
3025,211158,Bloomsburg University of Pennsylvania,0.7756,18.0,970.0,14764.0,21895.0,0.8426,0.755,0.7117,0.2842
3034,211361,California University of Pennsylvania,0.9646,16.0,918.0,16698.0,24049.0,0.6778,0.7227,0.7322,0.2879
3044,211644,Clarion University of Pennsylvania,0.9414,17.0,942.0,15509.0,23794.0,0.7293,0.7391,0.7038,0.2872
3056,212115,East Stroudsburg University of Pennsylvania,0.8335,19.0,953.0,15733.0,23238.0,0.794,0.7213,0.6833,0.2885
3058,212160,Edinboro University of Pennsylvania,0.9528,16.0,945.0,12003.0,21245.0,0.7871,0.6995,0.7352,0.2592
3091,213020,Indiana University of Pennsylvania-Main Campus,0.9154,17.0,946.0,15150.0,24115.0,0.7143,0.7456,0.7286,0.3046
3100,213349,Kutztown University of Pennsylvania,0.7977,18.0,975.0,15745.0,24401.0,0.9202,0.7289,0.7312,0.2992
3117,213598,Lincoln University,0.8714,15.0,835.0,16596.0,25784.0,1.0,0.7263,0.8672,0.3901
3118,213613,Lock Haven University,0.8784,17.0,946.0,14677.0,22303.0,0.892,0.7313,0.7704,0.308
3125,213783,Mansfield University of Pennsylvania,0.8752,18.0,965.0,15086.0,22980.0,0.5179,0.7212,0.7643,0.2884
3133,214041,Millersville University of Pennsylvania,0.6948,19.0,1030.0,16173.0,24171.0,0.6199,0.7729,0.6448,0.2601
3148,214591,Pennsylvania State University-Penn State Erie-Behrend College,0.8785,21.0,1092.0,19770.0,30385.0,0.8353,0.8542,0.6629999999999999,0.0
3151,214625,Pennsylvania State University-Penn State New Kensington,0.8257,18.0,1026.0,11445.0,20408.0,0.5479,0.7419,0.5915,0.0
3152,214634,Pennsylvania State University-Penn State Shenango,0.7222,19.0,961.0,12152.0,22573.0,0.58,0.6,0.6752,0.0
3153,214643,Pennsylvania State University-Penn State Wilkes-Barre,0.8279,18.0,991.0,11586.0,20530.0,0.7609,0.7556,0.6653,0.0
3154,214652,Pennsylvania State University-Penn State Scranton,0.797,15.0,950.0,11481.0,20651.0,0.5579,0.7376,0.6983,0.0
3155,214670,Pennsylvania State University-Penn State Lehigh Valley,0.8665,22.0,1051.0,9189.0,20402.0,0.55,0.8706,0.5615,0.0
3156,214689,Pennsylvania State University-Penn State Altoona,0.8949,20.0,1008.0,19762.0,30033.0,0.6873,0.8289,0.6628,0.0
3157,214698,Pennsylvania State University-Penn State Beaver,0.8589,20.0,1030.0,12949.0,23639.0,0.5902,0.7847,0.6596,0.0
3158,214704,Pennsylvania State University-Penn State Berks,0.8701,19.0,992.0,18457.0,28214.0,0.6498,0.8031,0.68,0.0
3159,214713,Pennsylvania State University-Penn State Harrisburg,0.8452,22.0,1077.0,17933.0,28621.0,0.6543,0.8779,0.5965,0.0
3160,214731,Pennsylvania State University-Penn State Brandywine,0.8263,18.0,974.0,11534.0,20417.0,0.5379,0.794,0.6115,0.0
3162,214759,Pennsylvania State University-Penn State Fayette- Eberly,0.8009999999999999,17.0,961.0,10365.0,20184.0,0.6765,0.7440000000000001,0.733,0.0
3163,214768,Pennsylvania State University-Penn State Hazleton,0.8194,20.0,1024.0,16216.0,25894.0,0.6761,0.8139,0.6727,0.0
3164,214777,Pennsylvania State University-Main Campus,0.564,25.0,1202.0,22463.0,34777.0,0.7518,0.9322,0.4733,0.0
3165,214786,Pennsylvania State University-Penn State Greater Allegheny,0.8569,18.0,989.0,12404.0,23750.0,0.5507,0.7532,0.7244,0.0
3166,214795,Pennsylvania State University-Penn State Mont Alto,0.7764,20.0,986.0,17918.0,27446.0,0.6421,0.759,0.6517,0.0
3167,214801,Pennsylvania State University-Penn State Abington,0.8245,20.0,1009.0,10376.0,20558.0,0.4671,0.7837,0.5552,0.0
3168,214810,Pennsylvania State University-Penn State Schuylkill,0.7559,15.0,934.0,14177.0,24190.0,0.6119,0.7877,0.7369,0.0
3169,214829,Pennsylvania State University-Penn State York,0.8328,17.0,1057.0,10963.0,20338.0,0.5745,0.8206,0.4977,0.0
3184,215266,University of Pittsburgh-Bradford,0.526,19.0,982.0,14981.0,25788.0,0.7766,0.6549,0.797,0.0
3185,215275,University of Pittsburgh-Greensburg,0.7493,20.0,1024.0,14672.0,24750.0,0.8636,0.7917,0.6863,0.0
3186,215284,University of Pittsburgh-Johnstown,0.7426,20.0,1027.0,15292.0,25747.0,0.9286,0.7938,0.7106,0.0
3187,215293,University of Pittsburgh-Pittsburgh Campus,0.5541,27.0,1298.0,22498.0,32191.0,0.7461,0.9224,0.5258,0.0
3215,216010,Shippensburg University of Pennsylvania,0.8831,18.0,970.0,16788.0,24473.0,0.7864,0.7451,0.7022,0.3253
3216,216038,Slippery Rock University of Pennsylvania,0.6949,19.0,998.0,14956.0,23095.0,0.8385,0.8255,0.7032,0.2234
3246,216764,West Chester University of Pennsylvania,0.6448,21.0,1061.0,16616.0,24942.0,0.7247,0.8584,0.629,0.2073
3265,217420,Rhode Island College,0.7469,16.0,903.0,7945.0,15630.0,1.0,0.7433,0.5737,0.0
3267,217484,University of Rhode Island,0.7276,22.0,1081.0,14689.0,27552.0,0.6528,0.8318,0.7015,0.0
3283,217819,College of Charleston,0.8413,22.0,1111.0,15241.0,27495.0,0.6208,0.7944,0.4092,0.2314
3286,217864,Citadel Military College of South Carolina,0.8229,20.0,1052.0,14999.0,27030.0,0.654,0.8272,0.4957,0.2042
3288,217882,Clemson University,0.5054,26.0,1269.0,13113.0,27722.0,0.929,0.9232,0.3967,0.1572
3298,218061,Francis Marion University,0.6156,17.0,927.0,9927.0,19112.0,0.7508,0.6784,0.7838,0.3419
3304,218229,Lander University,0.6175,17.0,964.0,12497.0,22037.0,0.6136,0.703,0.6333,0.3372
3314,218645,University of South Carolina Aiken,0.6692,18.0,986.0,13506.0,21724.0,0.5809,0.6729999999999999,0.59,0.3339
3315,218654,University of South Carolina Beaufort,0.6513,18.0,980.0,14111.0,21321.0,0.687,0.5435,0.649,0.2208
3316,218663,University of South Carolina-Columbia,0.6814,25.0,1228.0,16179.0,26362.0,0.7329,0.8784,0.3538,0.1255
3321,218724,Coastal Carolina University,0.6118,20.0,1030.0,13993.0,23038.0,1.0,0.685,0.6741,0.1653
3322,218733,South Carolina State University,0.8623,14.0,766.0,23254.0,29029.0,1.0,0.698,0.6966,0.2022
3323,218742,University of South Carolina-Upstate,0.5463,18.0,964.0,13357.0,22195.0,0.5986,0.6843,0.6498,0.3389
3333,218964,Winthrop University,0.685,20.0,1039.0,15435.0,26666.0,0.5874,0.7307,0.6409999999999999,0.2461
3338,219046,Black Hills State University,0.7976,19.0,1009.0,13940.0,19029.0,0.6459,0.6347,0.4813,0.0
3339,219082,Dakota State University,0.8263,19.0,1029.0,12762.0,19017.0,0.6792,0.7156,0.4702,0.3854
3349,219259,Northern State University,0.8139,17.0,969.0,12202.0,18612.0,0.9667,0.7429,0.3424,0.2421
3353,219347,South Dakota School of Mines and Technology,0.845,24.0,1201.0,17515.0,23570.0,0.8415,0.7838,0.4721,0.0
3354,219356,South Dakota State University,0.9076,20.0,1069.0,18961.0,25761.0,0.8168,0.7859999999999999,0.5521,0.0
3361,219471,University of South Dakota,0.8813,20.0,1050.0,14868.0,20806.0,0.7516,0.7584,0.5426,0.2901
3367,219602,Austin Peay State University,0.8886,19.0,1010.0,10883.0,20429.0,1.0,0.6603,0.5657,0.1299
3386,220075,East Tennessee State University,0.9164,20.0,1069.0,13504.0,22439.0,0.6402,0.7129,0.4783,0.1784
3416,220862,University of Memphis,0.5668,18.0,1011.0,11779.0,21761.0,0.6463,0.8004,0.5843,0.142
3418,220978,Middle Tennessee State University,0.6861,19.0,1030.0,10779.0,20186.0,0.7504,0.7547,0.521,0.1592
3447,221740,The University of Tennessee-Chattanooga,0.7826,21.0,1088.0,10881.0,21495.0,0.6784,0.7354,0.5053,0.0
3448,221759,The University of Tennessee-Knoxville,0.7722,24.0,1213.0,15503.0,29626.0,0.8627,0.8628,0.4365,0.0
3449,221768,The University of Tennessee-Martin,0.667,20.0,1050.0,8502.0,18755.0,0.6527,0.7532,0.5469,0.2754
3453,221847,Tennessee Technological University,0.6721,21.0,1103.0,12702.0,23109.0,1.0,0.7901,0.4281,0.1955
3469,222831,Angelo State University,0.7437,18.0,979.0,8523.0,18074.0,0.6308,0.6729,0.3635,0.4307
3495,224147,Texas A & M University-Corpus Christi,0.6465,17.0,953.0,14903.0,19481.0,0.6612,0.5826,0.526,0.3695
3504,224545,Texas A&M University-Texarkana,0.5599,20.0,1016.0,8953.0,16871.0,0.5091,0.4487,0.5393,0.0
3505,224554,Texas A & M University-Commerce,0.4614,18.0,973.0,7668.0,18318.0,1.0,0.625,0.5595,0.3032
3525,225432,University of Houston-Downtown,0.8288,17.0,906.0,6078.0,16555.0,0.5419,0.6608,0.4063,0.4915
3527,225511,University of Houston,0.5854,23.0,1152.0,12653.0,23858.0,0.8525,0.8461,0.3974,0.1949
3538,226091,Lamar University,0.7618,18.0,960.0,11782.0,19321.0,0.7924,0.6336,0.4853,0.3438
3543,226152,Texas A & M International University,0.5298,16.0,911.0,5832.0,14516.0,0.6534,0.7759,0.2819,0.3557
3555,226833,Midwestern State University,0.7446,18.0,973.0,7333.0,17377.0,0.7657,0.7049,0.5145,0.3073
3566,227216,University of North Texas,0.7179,21.0,1090.0,10502.0,21003.0,1.0,0.7963,0.5491,0.2552
3574,227368,The University of Texas Rio Grande Valley,0.6393,18.0,950.0,3514.0,14181.0,0.8675,0.8002,0.3796,0.0926
3579,227526,Prairie View A & M University,0.8548,15.0,838.0,10077.0,21785.0,0.8053,0.6926,0.7507,0.3905
3588,227881,Sam Houston State University,0.7195,19.0,986.0,11568.0,20671.0,0.7742,0.7737,0.5588,0.2953
3604,228431,Stephen F Austin State University,0.6245,19.0,993.0,9222.0,20635.0,0.7804,0.7138,0.5776,0.3829
3605,228459,Texas State University,0.7113,20.0,1033.0,11059.0,21122.0,0.7246,0.7735,0.5271,0.0
3608,228501,Sul Ross State University,0.9222,16.0,855.0,14241.0,20241.0,0.6778,0.6006,0.517,0.3576
3609,228529,Tarleton State University,0.5039,18.0,959.0,14144.0,18362.0,0.5309,0.7073,0.575,0.3317
3616,228705,Texas A & M University-Kingsville,0.8234,17.0,952.0,10847.0,20851.0,0.8008,0.7142,0.5329,0.3792
3617,228723,Texas A & M University-College Station,0.6717,24.0,1205.0,10122.0,24682.0,0.8617,0.9064,0.3272,0.1546
3618,228769,The University of Texas at Arlington,0.6982,20.0,1070.0,11968.0,22395.0,1.0,0.6905,0.4268,0.3114
3619,228778,The University of Texas at Austin,0.4037,26.0,1289.0,13764.0,26101.0,0.8936,0.9514,0.3384,0.0
3620,228787,The University of Texas at Dallas,0.6799,25.0,1262.0,10262.0,23211.0,0.7515,0.8739,0.4716,0.1902
3621,228796,The University of Texas at El Paso,0.9999,17.0,927.0,6181.0,15306.0,0.6923,0.7324,0.4197,0.2959
3622,228802,The University of Texas at Tyler,0.6935,20.0,1050.0,10394.0,17915.0,0.6988,0.5815,0.4122,0.0
3628,229018,The University of Texas of the Permian Basin,0.8148,18.0,953.0,5260.0,15290.0,0.5808,0.6934,0.2521,0.349
3629,229027,The University of Texas at San Antonio,0.7641,20.0,1033.0,10707.0,19488.0,0.7227,0.7066,0.5041,0.3284
3631,229063,Texas Southern University,0.5149,15.0,814.0,22909.0,22909.0,0.6759,0.504,0.6743,0.3122
3632,229115,Texas Tech University,0.626,22.0,1117.0,12333.0,22112.0,0.8694,0.8362,0.451,0.0
3634,229179,Texas Woman's University,0.8588,17.0,944.0,7114.0,17352.0,0.9743,0.7933,0.5398,0.3805
3647,229814,West Texas A & M University,0.5997,18.0,977.0,9278.0,18834.0,0.7432,0.6505,0.4845,0.3032
3668,230603,Southern Utah University,0.7228,20.0,1065.0,11672.0,19029.0,0.6171,0.6934,0.3306,0.0
3672,230728,Utah State University,0.9025,20.0,1087.0,12010.0,18093.0,0.9509,0.7288,0.3149,0.0
3675,230764,University of Utah,0.7642,21.0,1116.0,10428.0,18444.0,0.9244,0.8997,0.3268,0.0
3679,230834,Castleton University,0.9532,17.0,965.0,13991.0,22948.0,1.0,0.7461,0.7609999999999999,0.2912
3684,230913,Northern Vermont University,0.9509,15.0,917.0,12415.0,22816.0,1.0,0.6912,0.7847,0.2451
3685,230931,Lyndon State College,0.9834,15.0,945.0,13350.0,22392.0,1.0,0.6779,0.7569,0.2154
3698,231174,University of Vermont,0.6894,25.0,1216.0,11641.0,30573.0,0.812,0.865,0.4313,0.0
3705,231624,William & Mary,0.3652,28.0,1360.0,5682.0,33630.0,0.787,0.9538,0.2691,0.0688
3709,231712,Christopher Newport University,0.6216,23.0,1158.0,15679.0,27435.0,0.6202,0.8611,0.4918,0.0
3722,232186,George Mason University,0.8099,24.0,1165.0,15800.0,24347.0,0.5401,0.8748,0.4404,0.1789
3728,232423,James Madison University,0.7213,22.0,1125.0,14148.0,24513.0,0.7826,0.9124,0.3817,0.0
3732,232566,Longwood University,0.7395,18.0,970.0,17451.0,25728.0,1.0,0.7978,0.5313,0.2649
3737,232681,University of Mary Washington,0.7445,22.0,1114.0,14742.0,25072.0,0.6427,0.8254,0.4403,0.2368
3745,232937,Norfolk State University,0.8549,16.0,762.0,14121.0,22976.0,1.0,0.7669,0.7423,0.3681
3747,232982,Old Dominion University,0.8464,18.0,1010.0,13224.0,22806.0,0.9505,0.7766,0.5654,0.2924
3775,233897,The University of Virginia's College at Wise,0.7771,18.0,963.0,10821.0,21138.0,1.0,0.6254,0.5017,0.0
3779,234030,Virginia Commonwealth University,0.8115,21.0,1094.0,17810.0,29278.0,0.69,0.8633,0.5041,0.2228
3780,234076,University of Virginia-Main Campus,0.2986,29.0,1362.0,10684.0,29572.0,0.9443,0.9643,0.2536,0.0349
3781,234085,Virginia Military Institute,0.5095,23.0,1156.0,11041.0,28352.0,1.0,0.8433,0.4589,0.1795
3784,234155,Virginia State University,0.9448,15.0,817.0,13972.0,21453.0,0.6155,0.7386,0.8366,0.0
3796,234827,Central Washington University,0.7971,18.0,1043.0,10095.0,21732.0,0.6922,0.7617,0.5135,0.0
3805,235097,Eastern Washington University,0.9548,17.0,962.0,10003.0,20638.0,0.6324,0.7587,0.7195,0.0
3809,235167,The Evergreen State College,0.9748,20.0,1056.0,10452.0,21953.0,0.7452,0.6846,0.5021,0.0
3848,236939,Washington State University,0.7204,20.0,1054.0,11763.0,26441.0,0.7746,0.7888,0.4605,0.0
3849,236948,University of Washington-Seattle Campus,0.4535,26.0,1266.0,6805.0,25520.0,0.7848,0.9405,0.2861,0.0
3851,237011,Western Washington University,0.8312,23.0,1122.0,10557.0,22959.0,0.6715,0.8211,0.4465,0.0
3862,237215,Bluefield State College,0.8331,17.0,935.0,8772.0,15425.0,1.0,0.6853,0.5552,0.1799
3867,237330,Concord University,0.8115,18.0,972.0,6165.0,15020.0,0.6409,0.6741,0.5363,0.2606
3869,237367,Fairmont State University,0.6496,18.0,962.0,8497.0,15843.0,0.9137,0.6885,0.6328,0.3289999999999999
3870,237385,Glenville State College,0.6945,16.0,901.0,10829.0,20962.0,0.6522,0.6990000000000001,0.4313,0.1853
3874,237525,Marshall University,0.8943,19.0,1010.0,7254.0,18064.0,0.7745,0.7497,0.5789,0.2722
3886,237792,Shepherd University,0.9191,19.0,994.0,8595.0,17055.0,0.5251,0.599,0.5327,0.1199
3890,237899,West Virginia State University,0.9627,17.0,927.0,9472.0,16194.0,0.5816,0.5758,0.4218,0.0
3892,237932,West Liberty University,0.7170000000000001,18.0,965.0,11675.0,20373.0,0.599,0.7203,0.5982,0.2719
3893,237950,West Virginia University Institute of Technology,0.527,19.0,1000.0,2493.0,16746.0,0.8636,0.5399,0.4806,0.3669
3900,238032,West Virginia University,0.7612,21.0,1069.0,8397.0,19512.0,0.773,0.7926,0.5066,0.2938
3945,240055,University of Wisconsin Colleges,0.7544,18.0,970.0,6690.0,13038.0,0.5018,0.5485,0.254,0.3963
3950,240189,University of Wisconsin-Whitewater,0.6935,20.0,1050.0,10871.0,18091.0,0.7952,0.816,0.6034,0.0
3954,240268,University of Wisconsin-Eau Claire,0.78,22.0,1110.0,10992.0,19334.0,0.7914,0.8416,0.5709,0.0
3955,240277,University of Wisconsin-Green Bay,0.7313,20.0,1050.0,10628.0,17979.0,0.6879,0.7447,0.4923,0.0
3956,240329,University of Wisconsin-La Crosse,0.7424,23.0,1145.0,10639.0,17778.0,0.8576,0.8627,0.5587,0.0
3958,240365,University of Wisconsin-Oshkosh,0.6502,20.0,1030.0,11187.0,18143.0,0.6719,0.7598,0.4788,0.0
3959,240374,University of Wisconsin-Parkside,0.6246,18.0,970.0,8778.0,15793.0,0.7179,0.705,0.5685,0.0
3961,240417,University of Wisconsin-Stout,0.884,19.0,1030.0,12413.0,19002.0,0.6772,0.731,0.6053,0.0
3962,240426,University of Wisconsin-Superior,0.7611,19.0,1010.0,10550.0,18003.0,0.7423,0.6798,0.611,0.0
3963,240444,University of Wisconsin-Madison,0.5262,27.0,1302.0,10700.0,24594.0,0.8197,0.954,0.3366,0.0
3964,240453,University of Wisconsin-Milwaukee,0.7329,20.0,1050.0,14198.0,21771.0,0.6823,0.7243,0.6065,0.0
3965,240462,University of Wisconsin-Platteville,0.8033,21.0,1090.0,11340.0,18316.0,0.8538,0.7687,0.583,0.0
3966,240471,University of Wisconsin-River Falls,0.7215,20.0,1050.0,12376.0,18746.0,0.6194,0.7373,0.5993,0.0
3967,240480,University of Wisconsin-Stevens Point,0.8142,20.0,1050.0,10641.0,17203.0,0.8047,0.7259,0.6522,0.0
3977,240727,University of Wyoming,0.9508,21.0,1102.0,9375.0,19169.0,0.9695,0.7668,0.3496,0.2578
4055,243665,University of the Virgin Islands,0.9195,15.0,807.0,12141.0,17288.0,1.0,0.7478,0.4949,0.2459
4057,243780,Purdue University-Main Campus,0.5597,25.0,1228.0,6005.0,22698.0,0.9504,0.9147,0.3122,0.0
4164,262129,New College of Florida,0.7128,26.0,1263.0,6837.0,20143.0,0.7913,0.8429,0.3066,0.2896
4236,366711,California State University-San Marcos,0.5184,18.0,963.0,6842.0,18070.0,0.4806,0.8073,0.3787,0.0397
4367,377555,University of Washington-Bothell Campus,0.8029999999999999,20.0,1043.0,7230.0,22515.0,0.6566,0.8447,0.3612,0.0
4368,377564,University of Washington-Tacoma Campus,0.8381,17.0,975.0,6302.0,22047.0,0.7390000000000001,0.7634,0.4308,0.0
4518,407009,Arizona State University-West,0.7786,21.0,1078.0,8060.0,20052.0,0.9082,0.8652,0.5488,0.0
4730,420574,Arizona State University-Polytechnic,0.7609,22.0,1139.0,8396.0,22947.0,0.9524,0.8487,0.484,0.0
4857,433660,Florida Gulf Coast University,0.5615,22.0,1090.0,12174.0,18841.0,0.6696,0.7897,0.426,0.1464
4911,436818,University of Connecticut-Waterbury Campus,0.5821,21.0,994.0,5640.0,15310.0,0.6957,0.8447,0.4709,0.273
4912,436827,University of Connecticut-Avery Point,0.624,19.0,1014.0,5787.0,15225.0,0.6957,0.8359,0.47,0.278
4913,436836,University of Connecticut-Stamford,0.5738,22.0,1013.0,5556.0,15086.0,0.6957,0.8522,0.3855,0.2317
5228,445188,University of California-Merced,0.7417,19.0,985.0,11244.0,32984.0,0.8986,0.8575,0.5171,0.0
5398,448840,University of South Florida-St Petersburg,0.4295,22.0,1103.0,9630.0,18789.0,0.5597,0.701,0.4627,0.0428
5400,448886,Arizona State University-Downtown Phoenix,0.767,21.0,1081.0,9895.0,24109.0,0.8365,0.8436,0.5391,0.0
5747,456959,University of Minnesota-Rochester,0.6612,22.0,1122.0,11088.0,25198.0,1.0,0.6932,0.6514,0.337
6262,479956,Pennsylvania State University-World Campus,0.5753,20.0,1061.0,22421.0,27839.0,1.0,0.5934,0.5475,0.0
6382,482149,Augusta University,0.7723,19.0,1043.0,11836.0,20541.0,0.6809,0.7458,0.5316,0.1801
6419,482680,University of North Georgia,0.7504,19.0,966.0,7822.0,14907.0,0.7043,0.7906,0.3757,0.2203
6541,484905,University of North Texas at Dallas,0.6817,17.0,917.0,6369.0,14587.0,1.0,0.6589,0.382,0.4186
6645,486840,Kennesaw State University,0.585,21.0,1090.0,15768.0,23759.0,0.6006,0.8007,0.5259,0.2142
